"date","year","days_since_start","month","Nitrate_umolL","Silicate_umolL","Salinity","SampleDepth_m"
1986-01-25,1986,15077,1,0.24,2.2,35.357,0
1986-01-25,1986,15077,1,0.12,2.2,35.38,10
1986-01-25,1986,15077,1,0,4.2,35.398,20
1986-01-25,1986,15077,1,0,2.5,35.407,30
1986-01-25,1986,15077,1,0.12,2.9,35.405,40
1986-01-25,1986,15077,1,0.24,2.6,35.329,50
1986-02-27,1986,15110,2,0,2.5,35.415,0
1986-02-27,1986,15110,2,0.12,2.2,35.418,10
1986-02-27,1986,15110,2,0.12,2.3,35.408,20
1986-02-27,1986,15110,2,0.12,2.3,35.401,30
1986-02-27,1986,15110,2,0.83,4.2,35.39,40
1986-02-27,1986,15110,2,1.19,3.7,35.382,50
1986-03-30,1986,15141,3,0.47,3.5,35.417,0
1986-03-30,1986,15141,3,0.47,4.3,35.417,10
1986-03-30,1986,15141,3,0.47,3.5,35.418,20
1986-03-30,1986,15141,3,0.47,3.6,35.413,30
1986-03-30,1986,15141,3,1.19,3.2,35.368,40
1986-03-30,1986,15141,3,0.47,3.3,35.441,50
1986-04-26,1986,15168,4,1.31,2.9,35.321,0
1986-04-26,1986,15168,4,1.19,2.9,35.317,10
1986-04-26,1986,15168,4,1.19,3.5,35.321,20
1986-04-26,1986,15168,4,1.42,3,35.319,30
1986-04-26,1986,15168,4,1.54,2.9,35.325,40
1986-04-26,1986,15168,4,1.66,3.3,35.326,50
1986-05-27,1986,15199,5,2.99,3.7,35.199,0
1986-05-27,1986,15199,5,2.67,3.6,35.199,10
1986-05-27,1986,15199,5,2.83,3.6,35.203,20
1986-05-27,1986,15199,5,2.67,3.9,35.203,30
1986-05-27,1986,15199,5,2.83,5.4,35.202,40
1986-05-27,1986,15199,5,2.83,4.8,35.202,50
1986-06-28,1986,15231,6,2.02,4,35.165,0
1986-06-28,1986,15231,6,2.02,3.3,35.179,10
1986-06-28,1986,15231,6,2.02,3.3,35.17,20
1986-06-28,1986,15231,6,1.86,3.7,35.168,30
1986-06-28,1986,15231,6,1.86,3.6,35.162,40
1986-06-28,1986,15231,6,1.7,3.4,35.172,50
1986-07-31,1986,15264,7,2.49,4.3,35.029,0
1986-07-31,1986,15264,7,2.49,4.3,35.043,10
1986-07-31,1986,15264,7,2.49,3.9,35.056,20
1986-07-31,1986,15264,7,2.49,4.3,35.045,30
1986-07-31,1986,15264,7,2.49,4.3,35.05,40
1986-07-31,1986,15264,7,2.32,3.5,35.053,50
1986-08-26,1986,15290,8,2.04,3.3,35,0
1986-08-26,1986,15290,8,2.24,3,35.016,10
1986-08-26,1986,15290,8,2.04,3.5,35.023,20
1986-08-26,1986,15290,8,2.24,3.3,35.025,30
1986-08-26,1986,15290,8,2.04,3.8,35.039,40
1986-08-26,1986,15290,8,2.04,3.8,35.038,50
1986-09-30,1986,15325,9,0.45,2.4,35.011,0
1986-09-30,1986,15325,9,0.67,2.3,35.001,10
1986-09-30,1986,15325,9,1.34,2.6,35.009,20
1986-09-30,1986,15325,9,2.65,3.9,34.997,30
1986-09-30,1986,15325,9,2.65,3,35.008,40
1986-09-30,1986,15325,9,2.65,2.9,35.007,50
1986-10-28,1986,15353,10,1.03,3.7,35.024,0
1986-10-28,1986,15353,10,0.82,3.5,35.002,10
1986-10-28,1986,15353,10,1.03,3.8,35.006,20
1986-10-28,1986,15353,10,1.43,3.7,35.004,30
1986-10-28,1986,15353,10,1.84,4.4,35.016,40
1986-10-28,1986,15353,10,1.63,4.2,35.03,50
1986-12-22,1986,15408,12,0.41,2.8,35.048,0
1986-12-22,1986,15408,12,0.41,3.3,35.055,10
1986-12-22,1986,15408,12,0.41,3.3,35.058,20
1986-12-22,1986,15408,12,1.03,2.8,35.092,30
1986-12-22,1986,15408,12,1.63,4,35.123,40
1986-12-22,1986,15408,12,1.84,4.9,35.157,50
1987-01-25,1987,15442,1,0.22,2.6,35.142,0
1987-01-25,1987,15442,1,0.22,2.1,35.136,10
1987-01-25,1987,15442,1,NA,NA,35.12,20
1987-01-25,1987,15442,1,0.22,2.3,35.121,30
1987-01-25,1987,15442,1,0.45,2.9,35.12,40
1987-01-25,1987,15442,1,0.22,2.3,35.117,50
1987-02-27,1987,15475,2,0.22,1.5,35.227,0
1987-02-27,1987,15475,2,0.22,2.4,35.36,10
1987-02-27,1987,15475,2,1.34,3,35.231,20
1987-02-27,1987,15475,2,3.73,4.1,35.206,30
1987-02-27,1987,15475,2,3.09,3.8,35.219,40
1987-02-27,1987,15475,2,3.94,4.1,35.214,50
1987-03-27,1987,15503,3,2.22,4.8,35.365,0
1987-03-27,1987,15503,3,0.67,3.3,35.383,10
1987-03-27,1987,15503,3,0.67,3.6,35.367,20
1987-03-27,1987,15503,3,1.11,2.7,35.362,30
1987-03-27,1987,15503,3,1.11,3.5,35.336,40
1987-03-27,1987,15503,3,0.89,3.5,35.43,50
1987-04-29,1987,15536,4,0.79,3.3,35.47,0
1987-04-29,1987,15536,4,0.63,3.3,35.464,10
1987-04-29,1987,15536,4,0.16,6.1,35.464,20
1987-04-29,1987,15536,4,0.16,3.6,35.465,30
1987-04-29,1987,15536,4,0.31,3.8,35.457,40
1987-04-29,1987,15536,4,0.31,3.8,35.458,50
1987-05-25,1987,15562,5,2.21,2.1,35.101,0
1987-05-25,1987,15562,5,3.01,2.1,35.111,10
1987-05-25,1987,15562,5,2.21,1.6,35.107,20
1987-05-25,1987,15562,5,1.9,4.3,35.113,30
1987-05-25,1987,15562,5,2.05,3.3,35.099,40
1987-05-25,1987,15562,5,2.53,2,35.075,50
1987-06-30,1987,15598,6,2.05,2.8,35.1,0
1987-06-30,1987,15598,6,2.05,2.8,35.09,10
1987-06-30,1987,15598,6,1.9,3.3,35.073,20
1987-06-30,1987,15598,6,2.53,1.8,35.106,30
1987-06-30,1987,15598,6,2.21,2,35.095,40
1987-06-30,1987,15598,6,1.9,3,35.107,50
1987-07-27,1987,15625,7,3.17,2,35.123,0
1987-07-27,1987,15625,7,2.53,3,NA,10
1987-07-27,1987,15625,7,2.21,2,35.131,20
1987-07-27,1987,15625,7,2.21,2.1,35.114,30
1987-07-27,1987,15625,7,3.17,1.8,35.116,40
1987-07-27,1987,15625,7,2.37,1.8,35.124,50
1987-08-29,1987,15658,8,0.47,1.1,35.056,0
1987-08-29,1987,15658,8,0.47,2.6,35.054,10
1987-08-29,1987,15658,8,0.63,3,35.074,20
1987-08-29,1987,15658,8,1.42,1.3,35.052,30
1987-08-29,1987,15658,8,1.42,2.3,35.054,40
1987-08-29,1987,15658,8,2.37,1.6,35.065,50
1987-09-20,1987,15680,9,0.25,2.2,35.135,0
1987-09-20,1987,15680,9,0.51,3.2,35.135,10
1987-09-20,1987,15680,9,0.76,2.6,35.135,20
1987-09-20,1987,15680,9,0.76,2.8,35.132,30
1987-09-20,1987,15680,9,0.51,2.2,35.149,40
1987-09-20,1987,15680,9,NA,NA,35.127,50
1987-10-30,1987,15720,10,1.51,3,35.173,0
1987-10-30,1987,15720,10,1.01,3.5,35.157,10
1987-10-30,1987,15720,10,1.51,3,35.201,20
1987-10-30,1987,15720,10,1.01,4.1,35.189,30
1987-10-30,1987,15720,10,4.42,4.7,35.161,40
1987-10-30,1987,15720,10,5.33,2.4,35.167,50
1987-11-26,1987,15747,11,2.01,2.4,35.184,0
1987-11-26,1987,15747,11,2.26,3.2,35.187,10
1987-11-26,1987,15747,11,2.51,2.2,35.186,20
1987-11-26,1987,15747,11,2.51,4.5,35.184,30
1987-11-26,1987,15747,11,2.51,2.4,35.184,40
1987-11-26,1987,15747,11,2.51,3.3,35.185,50
1987-12-30,1987,15781,12,0.76,3.3,35.295,0
1987-12-30,1987,15781,12,0,2.8,35.298,10
1987-12-30,1987,15781,12,0.51,3,35.284,20
1987-12-30,1987,15781,12,1.26,4.3,35.28,30
1987-12-30,1987,15781,12,2.51,3,35.277,40
1987-12-30,1987,15781,12,2.26,3,35.276,50
1988-01-30,1988,15812,1,3.6,4.7,35.209,0
1988-01-30,1988,15812,1,3.75,3.7,35.213,10
1988-01-30,1988,15812,1,2.57,2.3,35.233,20
1988-01-30,1988,15812,1,0.61,1.2,35.29,30
1988-01-30,1988,15812,1,0.61,2,35.275,40
1988-01-30,1988,15812,1,0.15,0.6,35.298,50
1988-03-05,1988,15847,3,0.15,1.3,35.521,0
1988-03-05,1988,15847,3,0.15,1.8,35.52,10
1988-03-05,1988,15847,3,0.46,0.4,35.505,20
1988-03-05,1988,15847,3,1.06,0.9,35.446,30
1988-03-05,1988,15847,3,1.37,1,35.424,40
1988-03-05,1988,15847,3,1.97,1.2,35.415,50
1988-04-06,1988,15879,4,0.51,2.5,35.598,0
1988-04-06,1988,15879,4,0.17,4.6,35.581,10
1988-04-06,1988,15879,4,0.51,2.7,35.583,20
1988-04-06,1988,15879,4,0.17,4.6,35.587,30
1988-04-06,1988,15879,4,0.51,2.3,35.584,40
1988-04-06,1988,15879,4,0.84,2.9,35.599,50
1988-05-08,1988,15911,5,2.2,4.2,35.575,0
1988-05-08,1988,15911,5,2.37,2.7,35.581,10
1988-05-08,1988,15911,5,2.37,5.2,35.554,20
1988-05-08,1988,15911,5,2.54,4.1,35.557,30
1988-05-08,1988,15911,5,2.37,3.3,35.561,40
1988-05-08,1988,15911,5,2.37,2.7,35.564,50
1988-06-12,1988,15946,6,0,2.1,35.272,0
1988-06-12,1988,15946,6,0,1.9,35.267,10
1988-06-12,1988,15946,6,2.2,1.9,35.285,20
1988-06-12,1988,15946,6,1.86,1.9,35.309,30
1988-06-12,1988,15946,6,0.68,2.5,35.327,40
1988-06-12,1988,15946,6,1.86,2.1,35.334,50
1988-07-12,1988,15976,7,2.86,1.4,35.306,0
1988-07-12,1988,15976,7,2.57,1.4,35.302,10
1988-07-12,1988,15976,7,3.46,1.2,35.462,20
1988-07-12,1988,15976,7,1.37,3.3,35.292,30
1988-07-12,1988,15976,7,2.12,3.9,35.31,40
1988-07-12,1988,15976,7,1.97,3.5,35.291,50
1988-08-11,1988,16006,8,1.69,1.9,35.22,0
1988-08-11,1988,16006,8,1.18,2.1,35.223,10
1988-08-11,1988,16006,8,1.01,1.9,35.227,20
1988-08-11,1988,16006,8,0.34,2.1,35.23,30
1988-08-11,1988,16006,8,0.51,1.7,35.24,40
1988-08-11,1988,16006,8,0.84,1.5,35.265,50
1988-10-16,1988,16072,10,0,0.1,35.122,0
1988-10-16,1988,16072,10,0,0.1,35.126,10
1988-10-16,1988,16072,10,0,0.4,35.131,20
1988-10-16,1988,16072,10,0,0.4,35.135,30
1988-10-16,1988,16072,10,0,0.5,35.181,40
1988-10-16,1988,16072,10,0.91,4.6,35.204,50
1988-11-15,1988,16102,11,0,0.6,35.172,0
1988-11-15,1988,16102,11,0,0.5,35.196,10
1988-11-15,1988,16102,11,0,0.6,35.149,20
1988-11-15,1988,16102,11,0,0.6,35.143,30
1988-11-15,1988,16102,11,0.15,1.3,35.135,40
1988-11-15,1988,16102,11,1.22,1.6,35.196,50
1988-12-16,1988,16133,12,0.31,1.2,35.109,0
1988-12-16,1988,16133,12,0.15,1.3,35.119,10
1988-12-16,1988,16133,12,0.15,1.7,35.104,20
1988-12-16,1988,16133,12,0.15,1.4,35.114,30
1988-12-16,1988,16133,12,0.76,2.2,35.108,40
1988-12-16,1988,16133,12,0.76,2.2,35.178,50
1989-01-26,1989,16174,1,0.49,1.1,34.977,0
1989-01-26,1989,16174,1,0.79,1.2,34.949,10
1989-01-26,1989,16174,1,0.39,1.5,35.071,20
1989-01-26,1989,16174,1,0.49,1.3,35.141,30
1989-01-26,1989,16174,1,0.49,2.4,34.878,40
1989-01-26,1989,16174,1,1.38,4.6,35.274,50
1989-02-26,1989,16205,2,0,0.9,35.499,0
1989-02-26,1989,16205,2,0.17,1.5,35.447,10
1989-02-26,1989,16205,2,0.17,1.7,35.387,20
1989-02-26,1989,16205,2,0.17,1.4,35.365,30
1989-02-26,1989,16205,2,1.2,2.2,35.343,40
1989-02-26,1989,16205,2,1.54,2.2,35.474,50
1989-03-10,1989,16217,3,0.15,1.8,35.41,0
1989-03-10,1989,16217,3,0.3,1.8,NA,10
1989-03-10,1989,16217,3,0.75,2.4,35.403,20
1989-03-10,1989,16217,3,0.45,2,35.395,30
1989-03-10,1989,16217,3,1.35,2.4,35.404,40
1989-03-10,1989,16217,3,1.8,2.6,35.486,50
1989-05-01,1989,16269,5,1.67,2.3,35.257,0
1989-05-01,1989,16269,5,2,3.4,35.257,10
1989-05-01,1989,16269,5,1.5,2.1,35.257,20
1989-05-01,1989,16269,5,1.5,2.3,35.273,30
1989-05-01,1989,16269,5,1.5,2.1,35.278,40
1989-05-01,1989,16269,5,1.67,2.3,35.336,50
1989-06-01,1989,16300,6,2.96,1.8,35.198,0
1989-06-01,1989,16300,6,3.65,1.6,35.17,10
1989-06-01,1989,16300,6,3.25,1.8,35.331,20
1989-06-01,1989,16300,6,3.35,1.6,NA,30
1989-06-01,1989,16300,6,2.96,1.9,35.214,40
1989-06-01,1989,16300,6,3.55,2.8,35.252,50
1989-06-24,1989,16323,6,2.2,1.6,35.142,0
1989-06-24,1989,16323,6,2.3,1.6,35.151,10
1989-06-24,1989,16323,6,2.2,1.8,35.145,20
1989-06-24,1989,16323,6,2.2,1.6,35.142,30
1989-06-24,1989,16323,6,2.5,1.8,35.139,40
1989-06-24,1989,16323,6,2.3,1.8,35.142,50
1989-08-11,1989,16371,8,1.7,1.4,35.197,0
1989-08-11,1989,16371,8,1.7,1.4,35.196,10
1989-08-11,1989,16371,8,1.7,1.6,35.2,20
1989-08-11,1989,16371,8,1.7,1.4,35.198,30
1989-08-11,1989,16371,8,1.7,1.6,35.192,40
1989-09-13,1989,16404,9,0.8,1.4,35.16,0
1989-09-13,1989,16404,9,0.8,1.2,35.16,10
1989-09-13,1989,16404,9,0.7,1.2,35.173,20
1989-09-13,1989,16404,9,0.7,1.2,35.169,30
1989-09-13,1989,16404,9,0.8,1.2,35.164,40
1989-09-13,1989,16404,9,0.8,1.4,35.159,50
1989-10-12,1989,16433,10,1.1,1.4,35.122,0
1989-10-12,1989,16433,10,1.1,1.4,35.125,10
1989-10-12,1989,16433,10,1.1,1.2,35.123,20
1989-10-12,1989,16433,10,1.3,1.2,35.123,30
1989-10-12,1989,16433,10,1.3,1.4,35.138,40
1989-10-12,1989,16433,10,2,1.7,35.138,50
1989-11-09,1989,16461,11,0.2,1,35.058,0
1989-11-09,1989,16461,11,0.2,1.2,35.065,10
1989-11-09,1989,16461,11,0.5,1.2,35.07,20
1989-11-09,1989,16461,11,0.2,1.2,35.071,30
1989-11-09,1989,16461,11,0.5,1.2,35.08,40
1989-11-09,1989,16461,11,0.8,1.7,35.095,50
1989-12-19,1989,16501,12,0,1.2,35.148,0
1989-12-19,1989,16501,12,0.2,1.2,35.141,10
1989-12-19,1989,16501,12,0.2,1.2,35.162,20
1989-12-19,1989,16501,12,0.3,1.2,35.127,30
1989-12-19,1989,16501,12,1.8,1.9,35.075,40
1989-12-19,1989,16501,12,1.8,2.1,35.074,50
1990-01-23,1990,16536,1,0,0.8,35.34,0
1990-01-23,1990,16536,1,0.4,0.8,35.327,10
1990-01-23,1990,16536,1,0.2,0.8,35.319,20
1990-01-23,1990,16536,1,0.3,0.7,35.321,30
1990-01-23,1990,16536,1,0.1,0.8,35.315,40
1990-01-23,1990,16536,1,0.5,0.9,35.308,50
1990-02-22,1990,16566,2,0,1.8,35.311,0
1990-02-22,1990,16566,2,0.1,1.8,35.314,10
1990-02-22,1990,16566,2,0.6,1.5,35.339,20
1990-02-22,1990,16566,2,3.1,2,35.317,30
1990-02-22,1990,16566,2,4.1,2.1,35.305,40
1990-02-22,1990,16566,2,5.4,2.5,35.29,50
1990-04-12,1990,16615,4,0.1,1.2,35.504,0
1990-04-12,1990,16615,4,0.1,1.2,35.504,10
1990-04-12,1990,16615,4,0.3,1.2,35.502,20
1990-04-12,1990,16615,4,0.2,1.2,35.485,30
1990-04-12,1990,16615,4,2.6,1.7,35.444,40
1990-04-12,1990,16615,4,2.5,1.6,35.364,50
1990-05-15,1990,16648,5,2.3,1.7,35.448,0
1990-05-15,1990,16648,5,3.5,1.7,35.447,10
1990-05-15,1990,16648,5,2.4,1.7,35.448,20
1990-05-15,1990,16648,5,2.5,1.8,35.437,30
1990-05-15,1990,16648,5,2.4,1.7,35.42,40
1990-05-15,1990,16648,5,2.5,1.7,35.412,50
1990-06-07,1990,16671,6,3.6,1.8,35.396,0
1990-06-07,1990,16671,6,3.4,1.8,35.396,10
1990-06-07,1990,16671,6,3.5,1.8,35.402,20
1990-06-07,1990,16671,6,3.6,1.8,35.394,30
1990-06-07,1990,16671,6,3.6,1.8,35.391,40
1990-06-07,1990,16671,6,3.5,1.7,35.402,50
1990-07-12,1990,16706,7,3.6,1.3,35.198,0
1990-07-12,1990,16706,7,3.5,1.3,35.197,10
1990-07-12,1990,16706,7,3.3,1.3,35.196,20
1990-07-12,1990,16706,7,3.3,1.3,35.199,30
1990-07-12,1990,16706,7,3.3,1.3,35.199,40
1990-07-12,1990,16706,7,3.3,1.3,35.199,50
1990-08-08,1990,16733,8,3.8,1.93,35.198,0
1990-08-08,1990,16733,8,3.63,1.93,35.198,10
1990-08-08,1990,16733,8,3.8,1.93,35.197,20
1990-08-08,1990,16733,8,3.8,1.93,35.196,30
1990-08-08,1990,16733,8,3.97,1.93,35.194,40
1990-08-08,1990,16733,8,3.63,1.93,35.188,50
1990-11-02,1990,16819,11,0.17,1.69,35.131,0
1990-11-02,1990,16819,11,0.33,1.69,35.136,10
1990-11-02,1990,16819,11,0.83,1.69,35.171,20
1990-11-02,1990,16819,11,1.82,1.69,35.152,30
1990-11-02,1990,16819,11,3.3,1.93,35.136,40
1990-11-02,1990,16819,11,3.47,2.17,35.14,50
1990-12-17,1990,16864,12,0.17,0.97,35.378,0
1990-12-17,1990,16864,12,0.17,0.97,35.379,10
1990-12-17,1990,16864,12,0.5,1.45,35.288,20
1990-12-17,1990,16864,12,1.16,1.45,35.273,30
1990-12-17,1990,16864,12,1.49,1.69,35.238,40
1990-12-17,1990,16864,12,2.48,1.93,35.202,50
1991-01-17,1991,16895,1,0.17,0.97,35.163,0
1991-01-17,1991,16895,1,0.17,0.97,35.193,10
1991-01-17,1991,16895,1,0.17,0.72,35.268,20
1991-01-17,1991,16895,1,0.17,0.72,35.275,30
1991-01-17,1991,16895,1,0.33,0.72,35.273,40
1991-01-17,1991,16895,1,0.17,0.72,35.272,50
1991-02-13,1991,16922,2,0.54,1.79,35.2,0
1991-02-13,1991,16922,2,0.36,1.6,35.197,10
1991-02-13,1991,16922,2,0.18,1.6,35.186,20
1991-02-13,1991,16922,2,0.54,1.6,35.156,30
1991-02-13,1991,16922,2,0.89,1.6,35.153,40
1991-02-13,1991,16922,2,1.07,1.79,35.149,50
1991-03-14,1991,16951,3,NA,NA,35.294,0
1991-03-14,1991,16951,3,NA,NA,35.277,10
1991-03-14,1991,16951,3,NA,NA,35.278,20
1991-03-14,1991,16951,3,NA,NA,35.269,30
1991-03-14,1991,16951,3,NA,NA,35.271,40
1991-03-14,1991,16951,3,NA,NA,35.263,50
1991-04-23,1991,16991,4,NA,NA,35.28,0
1991-04-23,1991,16991,4,NA,NA,35.278,10
1991-04-23,1991,16991,4,NA,NA,35.278,20
1991-04-23,1991,16991,4,NA,NA,35.284,30
1991-04-23,1991,16991,4,NA,NA,35.279,40
1991-04-23,1991,16991,4,NA,NA,35.273,50
1991-05-21,1991,17019,5,NA,NA,35.345,0
1991-05-21,1991,17019,5,NA,NA,35.354,10
1991-05-21,1991,17019,5,NA,NA,35.35,20
1991-05-21,1991,17019,5,NA,NA,35.4,30
1991-05-21,1991,17019,5,NA,NA,35.414,40
1991-05-21,1991,17019,5,NA,NA,35.425,50
1991-07-02,1991,17061,7,NA,NA,35.203,0
1991-07-02,1991,17061,7,NA,NA,35.218,10
1991-07-02,1991,17061,7,NA,NA,35.238,20
1991-07-02,1991,17061,7,NA,NA,35.235,30
1991-07-02,1991,17061,7,NA,NA,35.244,40
1991-07-02,1991,17061,7,NA,NA,35.246,50
1991-08-01,1991,17091,8,NA,NA,35.247,0
1991-08-01,1991,17091,8,NA,NA,35.246,10
1991-08-01,1991,17091,8,NA,NA,35.246,20
1991-08-01,1991,17091,8,NA,NA,35.249,30
1991-08-01,1991,17091,8,NA,NA,35.249,40
1991-08-01,1991,17091,8,NA,NA,35.247,50
1991-09-03,1991,17124,9,4.3,1.7,35.107,0
1991-09-03,1991,17124,9,4.3,1.7,35.108,10
1991-09-03,1991,17124,9,4.3,1.7,35.113,20
1991-09-03,1991,17124,9,4.3,1.7,35.118,30
1991-09-03,1991,17124,9,4.3,1.7,35.129,40
1991-09-03,1991,17124,9,4.3,1.7,35.154,50
1991-12-23,1991,17235,12,0,1.2,35.283,0
1991-12-23,1991,17235,12,0.1,1.2,35.266,10
1991-12-23,1991,17235,12,0,1.4,35.219,20
1991-12-23,1991,17235,12,1.1,1.7,35.142,30
1991-12-23,1991,17235,12,3.1,2.2,35.135,40
1991-12-23,1991,17235,12,5.2,2.9,35.143,50
1992-01-31,1992,17274,1,0.2,0.6,35.353,0
1992-01-31,1992,17274,1,0,0.6,35.353,10
1992-01-31,1992,17274,1,0,0.6,35.348,20
1992-01-31,1992,17274,1,0,0.6,35.348,30
1992-01-31,1992,17274,1,0,0.6,35.348,40
1992-01-31,1992,17274,1,0,0.7,35.343,50
1992-03-05,1992,17308,3,0.3,1.5,35.436,0
1992-03-05,1992,17308,3,0.5,1.6,35.44,10
1992-03-05,1992,17308,3,0.9,1.5,35.437,20
1992-03-05,1992,17308,3,2.9,2.3,35.411,30
1992-03-05,1992,17308,3,3.5,1.7,35.366,40
1992-03-05,1992,17308,3,6.4,3.4,35.328,50
1992-04-08,1992,17342,4,NA,1.4,35.497,0
1992-04-08,1992,17342,4,0.5,1.6,35.492,10
1992-04-08,1992,17342,4,0.6,1.5,35.471,20
1992-04-08,1992,17342,4,1.1,1.7,35.401,30
1992-04-08,1992,17342,4,1.6,1.9,35.395,40
1992-04-08,1992,17342,4,3.8,2.7,35.348,50
1992-05-07,1992,17371,5,2.2,2,35.405,0
1992-05-07,1992,17371,5,2.3,2,35.412,10
1992-05-07,1992,17371,5,2.7,2,35.405,20
1992-05-07,1992,17371,5,3,2,35.404,30
1992-05-07,1992,17371,5,2.5,2,35.406,40
1992-05-07,1992,17371,5,2.8,2.1,35.394,50
1992-06-01,1992,17396,6,3.7,2.3,35.343,0
1992-06-01,1992,17396,6,3.8,2.2,35.343,10
1992-06-01,1992,17396,6,4,2.3,35.331,20
1992-06-01,1992,17396,6,4,2.3,35.329,30
1992-06-01,1992,17396,6,4,2.2,35.325,40
1992-06-01,1992,17396,6,4,2.2,35.327,50
1992-06-30,1992,17425,6,3.5,1.8,35.049,0
1992-06-30,1992,17425,6,3.7,1.8,35.044,10
1992-06-30,1992,17425,6,3.8,1.8,35.044,20
1992-06-30,1992,17425,6,3.7,1.9,35.045,30
1992-06-30,1992,17425,6,3.7,1.8,35.045,40
1992-06-30,1992,17425,6,4.9,1.8,35.045,50
1992-09-23,1992,17510,9,3.2,1.7,34.977,0
1992-09-23,1992,17510,9,3.8,1.7,34.972,10
1992-09-23,1992,17510,9,NA,NA,34.979,20
1992-09-23,1992,17510,9,3.7,1.6,34.973,30
1992-09-23,1992,17510,9,3.2,1.7,34.981,40
1992-09-23,1992,17510,9,2.8,1.5,34.997,50
1992-11-05,1992,17553,11,1.3,0.9,34.962,0
1992-11-05,1992,17553,11,1,1,34.96,10
1992-11-05,1992,17553,11,1.4,0.8,34.965,20
1992-11-05,1992,17553,11,2,0.9,34.959,30
1992-11-05,1992,17553,11,2.5,1,34.955,40
1992-11-05,1992,17553,11,3,1,34.956,50
1992-12-11,1992,17589,12,0.1,0.7,35.094,0
1992-12-11,1992,17589,12,0.5,0.6,35.114,10
1992-12-11,1992,17589,12,0.4,0.7,35.288,20
1992-12-11,1992,17589,12,0.8,0.7,35.304,30
1992-12-11,1992,17589,12,NA,NA,35.142,40
1992-12-11,1992,17589,12,4.6,2.2,35.057,50
1993-02-22,1993,17662,2,0.5,1.1,35.318,0
1993-02-22,1993,17662,2,0.5,1.1,35.317,10
1993-02-22,1993,17662,2,1.8,1.5,35.309,20
1993-02-22,1993,17662,2,3.7,2.1,35.278,30
1993-02-22,1993,17662,2,5,2.6,35.258,40
1993-02-22,1993,17662,2,7,3.4,35.249,50
1993-05-20,1993,17749,5,3.2,1.8,35.416,0
1993-05-20,1993,17749,5,2.7,1.7,35.414,10
1993-05-20,1993,17749,5,3,1.7,35.415,20
1993-05-20,1993,17749,5,2.8,1.8,35.42,30
1993-05-20,1993,17749,5,2.7,1.8,35.433,40
1993-05-20,1993,17749,5,2.7,1.9,35.412,50
1993-07-23,1993,17813,7,3.7,1.6,35.012,0
1993-07-23,1993,17813,7,3.9,1.6,35.011,10
1993-07-23,1993,17813,7,3.9,1.6,35.02,20
1993-07-23,1993,17813,7,3.9,1.6,35.017,30
1993-07-23,1993,17813,7,3.9,1.6,35.019,40
1993-07-23,1993,17813,7,4.1,1.7,35.03,50
1993-08-13,1993,17834,8,2.9,1.5,35.041,0
1993-08-13,1993,17834,8,3.1,1.5,35.045,10
1993-08-13,1993,17834,8,3,1.5,35.042,20
1993-08-13,1993,17834,8,3.1,1.4,35.042,30
1993-08-13,1993,17834,8,3.1,1.5,35.042,40
1993-08-13,1993,17834,8,3.1,1.4,35.042,50
1993-09-17,1993,17869,9,2.5,1.6,35.041,0
1993-09-17,1993,17869,9,2.6,1.6,35.042,10
1993-09-17,1993,17869,9,2.4,1.5,35.041,20
1993-09-17,1993,17869,9,2.5,1.5,35.03,30
1993-09-17,1993,17869,9,2.4,1.5,35.039,40
1993-09-17,1993,17869,9,2.3,1.4,35.043,50
1993-11-11,1993,17924,11,0.9,1.1,35.082,0
1993-11-11,1993,17924,11,0.9,1.1,35.075,10
1993-11-11,1993,17924,11,1.1,1.1,35.072,20
1993-11-11,1993,17924,11,1.3,1.1,35.072,30
1993-11-11,1993,17924,11,1.5,1.2,35.073,40
1993-11-11,1993,17924,11,1.8,1.2,35.086,50
1993-12-08,1993,17951,12,0.1,0.6,35.072,0
1993-12-08,1993,17951,12,0.2,0.7,35.059,10
1993-12-08,1993,17951,12,0,0.7,35.077,20
1993-12-08,1993,17951,12,1,0.5,35.047,30
1993-12-08,1993,17951,12,0.1,0.6,35.1,40
1993-12-08,1993,17951,12,0.1,0.7,35.181,50
1994-02-03,1994,18008,2,0,0.9,35.332,0
1994-02-03,1994,18008,2,0,0.9,35.315,10
1994-02-03,1994,18008,2,0,0.6,35.309,20
1994-02-03,1994,18008,2,0,0.8,35.293,30
1994-02-03,1994,18008,2,0.5,1,35.195,40
1994-02-03,1994,18008,2,3,2.1,35.153,50
1994-03-23,1994,18056,3,0,1.5,35.505,0
1994-03-23,1994,18056,3,0,1.5,35.505,10
1994-03-23,1994,18056,3,0,1.5,35.503,20
1994-03-23,1994,18056,3,0,1.3,35.5,30
1994-03-23,1994,18056,3,1.1,1.5,35.508,40
1994-03-23,1994,18056,3,0.9,1.4,35.482,50
1994-04-12,1994,18076,4,0.5,1.4,35.461,0
1994-04-12,1994,18076,4,0.8,1.4,35.462,10
1994-04-12,1994,18076,4,0.5,1.4,35.461,20
1994-04-12,1994,18076,4,0.6,1.4,35.463,30
1994-04-12,1994,18076,4,0.5,1.4,35.462,40
1994-04-12,1994,18076,4,0.6,1.4,35.463,50
1994-05-04,1994,18098,5,2,1.7,35.291,0
1994-05-04,1994,18098,5,2,1.7,35.272,10
1994-05-04,1994,18098,5,2,1.6,35.273,20
1994-05-04,1994,18098,5,2,1.7,35.29,30
1994-05-04,1994,18098,5,2.1,1.7,35.294,40
1994-05-04,1994,18098,5,2,1.6,35.294,50
1994-06-09,1994,18134,6,3.1,1.8,35.039,0
1994-06-09,1994,18134,6,3.3,1.7,35.039,10
1994-06-09,1994,18134,6,3.2,1.6,35.042,20
1994-06-09,1994,18134,6,3.2,1.5,35.04,30
1994-06-09,1994,18134,6,3.2,1.5,35.048,40
1994-08-04,1994,18190,8,3.1,1.6,35.093,0
1994-08-04,1994,18190,8,3.1,1.4,35.091,10
1994-08-04,1994,18190,8,3.4,1.4,35.091,20
1994-08-04,1994,18190,8,3.1,1.4,35.09,30
1994-08-04,1994,18190,8,3.1,1.4,35.091,40
1994-08-04,1994,18190,8,3.2,1.5,35.091,50
1994-09-29,1994,18246,9,4.6,1.4,35.004,0
1994-09-29,1994,18246,9,4.3,1.4,35.004,10
1994-09-29,1994,18246,9,4.3,1.3,35,20
1994-09-29,1994,18246,9,4.4,1.4,34.996,30
1994-09-29,1994,18246,9,4.3,1.3,34.996,40
1994-09-29,1994,18246,9,4.3,1.3,34.996,50
1994-12-14,1994,18322,12,0.1,0.6,34.828,0
1994-12-14,1994,18322,12,0.3,0.9,34.821,10
1994-12-14,1994,18322,12,1.5,1.1,34.837,20
1994-12-14,1994,18322,12,1.6,0.7,34.867,30
1994-12-14,1994,18322,12,1.9,0.6,34.888,40
1994-12-14,1994,18322,12,3.6,1.8,34.883,50
1995-02-20,1995,18390,2,0.1,0.4,35.199,0
1995-02-20,1995,18390,2,0.2,0.4,35.182,10
1995-02-20,1995,18390,2,0.2,0.4,35.187,20
1995-02-20,1995,18390,2,0.2,0.6,35.21,30
1995-02-20,1995,18390,2,3,1.4,35.243,40
1995-02-20,1995,18390,2,4.2,1.6,35.138,50
1995-06-01,1995,18491,6,4.1,1.3,34.982,0
1995-06-01,1995,18491,6,4.1,1.3,34.979,10
1995-06-01,1995,18491,6,4.4,1.3,34.983,20
1995-06-01,1995,18491,6,4.2,1.3,34.992,30
1995-06-01,1995,18491,6,4.3,1.4,35.004,40
1995-06-01,1995,18491,6,4.2,1.5,35.073,50
1995-07-21,1995,18541,7,4.3,1.3,34.997,0
1995-07-21,1995,18541,7,4.1,1.3,35.004,10
1995-07-21,1995,18541,7,4.1,1.3,35,20
1995-07-21,1995,18541,7,4.2,1.1,35.001,30
1995-07-21,1995,18541,7,4.2,1.1,35.014,40
1995-07-21,1995,18541,7,4,1.2,35.047,50
1995-08-14,1995,18565,8,3.2,1.6,35.118,0
1995-08-14,1995,18565,8,3.6,1.6,35.118,10
1995-08-14,1995,18565,8,3.3,1.6,35.098,20
1995-08-14,1995,18565,8,4.1,1.6,35.075,30
1995-08-14,1995,18565,8,4.8,1.6,35.067,40
1995-08-14,1995,18565,8,4.5,1.6,35.061,50
1995-09-29,1995,18611,9,2.7,1.4,35.067,0
1995-09-29,1995,18611,9,3,1.4,35.06,10
1995-09-29,1995,18611,9,2.9,1.3,35.06,20
1995-09-29,1995,18611,9,2.9,1.3,35.063,30
1995-09-29,1995,18611,9,3.2,1.5,35.06,40
1995-09-29,1995,18611,9,3.2,1.4,35.059,50
1995-10-24,1995,18636,10,2.7,1.6,34.994,0
1995-10-24,1995,18636,10,2.8,1.6,35.012,10
1995-10-24,1995,18636,10,2.4,1.5,35.017,20
1995-10-24,1995,18636,10,3,1.5,35.012,30
1995-10-24,1995,18636,10,2.4,1.5,35.032,40
1995-10-24,1995,18636,10,3.7,1.6,35.013,50
1995-12-08,1995,18681,12,0,1,35.002,0
1995-12-08,1995,18681,12,0,1.1,34.967,10
1995-12-08,1995,18681,12,0.9,1.2,34.947,20
1995-12-08,1995,18681,12,1.5,1.1,34.951,30
1995-12-08,1995,18681,12,1.2,1.2,34.946,40
1995-12-08,1995,18681,12,2.2,1,34.986,50
1996-01-23,1996,18727,1,0.1,1.4,35.173,0
1996-01-23,1996,18727,1,0.2,1.5,35.166,10
1996-01-23,1996,18727,1,0.2,1.7,35.162,20
1996-01-23,1996,18727,1,0.7,1.7,35.149,30
1996-01-23,1996,18727,1,2.8,2.1,35.14,40
1996-01-23,1996,18727,1,5.5,2.6,35.137,50
1996-03-14,1996,18778,3,0.4,1.6,35.094,0
1996-03-14,1996,18778,3,0.2,1.6,35.09,10
1996-03-14,1996,18778,3,0.9,1.8,35.102,20
1996-03-14,1996,18778,3,0.9,1.7,35.113,30
1996-03-14,1996,18778,3,1.9,2.3,35.113,40
1996-03-14,1996,18778,3,4.1,2.8,35.118,50
1996-05-26,1996,18851,5,4.9,1.6,34.863,4
1996-05-26,1996,18851,5,4.9,1.6,34.863,8.5
1996-05-26,1996,18851,5,5,1.6,34.862,17.1
1996-05-26,1996,18851,5,5.1,1.7,34.866,28.4
1996-05-26,1996,18851,5,5.2,1.7,34.867,38.5
1996-05-26,1996,18851,5,5.3,1.7,34.872,48.3
1996-06-28,1996,18884,6,3.1,1.7,35.056,0
1996-06-28,1996,18884,6,3.4,1.7,35.05,10
1996-06-28,1996,18884,6,3.1,1.7,35.05,20
1996-06-28,1996,18884,6,3.1,1.7,35.049,30
1996-06-28,1996,18884,6,3.1,1.7,35.059,40
1996-06-28,1996,18884,6,3.1,1.7,35.05,50
1996-10-03,1996,18981,10,2.9,1.7,35.166,0
1996-10-03,1996,18981,10,3,1.7,35.164,10
1996-10-03,1996,18981,10,3,1.7,35.164,20
1996-10-03,1996,18981,10,3.2,1.7,35.163,30
1996-10-03,1996,18981,10,3,1.6,35.162,40
1996-10-03,1996,18981,10,3.1,1.6,35.165,50
1996-12-10,1996,19049,12,1,1.4,35.111,0
1996-12-10,1996,19049,12,1.2,1.4,35.097,10
1996-12-10,1996,19049,12,1.3,1.4,35.097,20
1996-12-10,1996,19049,12,1.5,1.5,35.098,30
1996-12-10,1996,19049,12,1.4,1.4,35.1,40
1996-12-10,1996,19049,12,1.4,1.4,35.099,50
1997-01-16,1997,19086,1,0.1,1,35.046,0
1997-01-16,1997,19086,1,0.1,1,35.037,10
1997-01-16,1997,19086,1,0.1,1,35.041,20
1997-01-16,1997,19086,1,0.4,1.1,35.041,30
1997-01-16,1997,19086,1,0.3,1.1,35.026,40
1997-01-16,1997,19086,1,0.4,1.1,35.075,50
1997-02-20,1997,19121,2,0.1,0.8,35.221,0
1997-02-20,1997,19121,2,0.1,0.8,35.224,10
1997-02-20,1997,19121,2,0.1,0.8,35.188,20
1997-02-20,1997,19121,2,0.1,0.8,35.171,30
1997-02-20,1997,19121,2,1.5,1.1,35.126,40
1997-02-20,1997,19121,2,3.4,1.2,35.078,50
1997-04-10,1997,19170,4,2.1,1.3,35.022,0
1997-04-10,1997,19170,4,2.3,1.3,35.024,10
1997-04-10,1997,19170,4,2.2,1.3,35.019,20
1997-04-10,1997,19170,4,2.4,1.3,35.019,30
1997-04-10,1997,19170,4,2.3,1.3,35.019,40
1997-04-10,1997,19170,4,2.4,1.3,35.02,50
1997-07-04,1997,19255,7,3.1,1,35.09,0
1997-07-04,1997,19255,7,3.7,0.9,35.089,10
1997-07-04,1997,19255,7,3.3,0.9,35.103,20
1997-07-04,1997,19255,7,3.4,0.9,35.085,30
1997-07-04,1997,19255,7,3.3,0.9,35.09,40
1997-07-04,1997,19255,7,3.4,0.9,35.092,50
1997-09-19,1997,19332,9,1.5,0.6,34.976,0
1997-09-19,1997,19332,9,2.2,0.8,34.997,10
1997-09-19,1997,19332,9,3.2,0.9,35.015,20
1997-09-19,1997,19332,9,4.1,1.2,35.057,30
1997-09-19,1997,19332,9,4.2,1.1,35.054,40
1997-09-19,1997,19332,9,3.1,1,35.039,50
1997-11-06,1997,19380,11,0.9,0.9,35.055,0
1997-11-06,1997,19380,11,0.9,0.9,35.045,10
1997-11-06,1997,19380,11,1.1,0.9,35.056,20
1997-11-06,1997,19380,11,1.7,0.9,35.039,30
1997-11-06,1997,19380,11,2.4,1.1,35.037,40
1997-11-06,1997,19380,11,2.9,1.3,35.039,50
1998-01-08,1998,19443,1,0.1,0.5,35.318,0
1998-01-08,1998,19443,1,0.1,0.5,35.303,10
1998-01-08,1998,19443,1,0.1,0.6,35.233,20
1998-01-08,1998,19443,1,0.1,0.6,35.234,30
1998-01-08,1998,19443,1,0.1,0.5,35.269,40
1998-01-08,1998,19443,1,0.8,0.6,35.188,50
1998-02-05,1998,19471,2,0.3,0.4,35.375,0
1998-02-05,1998,19471,2,1.6,0.6,35.362,10
1998-02-05,1998,19471,2,0.8,0.6,35.359,20
1998-02-05,1998,19471,2,1,0.5,35.367,30
1998-02-05,1998,19471,2,0.8,0.6,35.348,40
1998-02-05,1998,19471,2,2.2,1,35.314,50
1998-07-16,1998,19632,7,4.5,5.6,35.164,0
1998-07-16,1998,19632,7,3.9,4.9,35.166,10
1998-07-16,1998,19632,7,4.5,5.6,35.169,20
1998-07-16,1998,19632,7,3.8,4.7,35.166,30
1998-07-16,1998,19632,7,3.8,4.7,35.167,40
1998-07-16,1998,19632,7,4.6,5.7,35.176,50
1998-10-09,1998,19717,10,4.2,1.2,35.079,0
1998-10-09,1998,19717,10,4.2,1.2,35.083,10
1998-10-09,1998,19717,10,3.6,1.2,35.112,20
1998-10-09,1998,19717,10,3.6,1.2,35.111,30
1998-10-09,1998,19717,10,3.6,1.2,35.111,40
1998-10-09,1998,19717,10,3.5,1.2,35.12,50
1998-12-15,1998,19784,12,0.1,0.8,35.143,0
1998-12-15,1998,19784,12,0.1,0.8,35.143,10
1998-12-15,1998,19784,12,0.1,0.8,35.13,20
1998-12-15,1998,19784,12,0.1,0.8,35.141,30
1998-12-15,1998,19784,12,0.1,0.9,35.133,40
1998-12-15,1998,19784,12,0.2,0.8,35.11,50
1999-01-14,1999,19814,1,0,0.7,35.378,0
1999-01-14,1999,19814,1,0,0.8,35.373,10
1999-01-14,1999,19814,1,0.1,0.7,35.379,20
1999-01-14,1999,19814,1,0.1,0.7,35.289,30
1999-01-14,1999,19814,1,3.3,1.3,35.115,40
1999-01-14,1999,19814,1,5.8,2,35.116,50
1999-04-28,1999,19918,4,2.4,1,35.099,0
1999-04-28,1999,19918,4,2.4,1,35.096,10
1999-04-28,1999,19918,4,2.4,1,35.096,20
1999-04-28,1999,19918,4,2.4,1.1,35.105,30
1999-04-28,1999,19918,4,2.5,1.1,35.105,40
1999-04-28,1999,19918,4,2.6,1.1,35.103,50
1999-05-18,1999,19938,5,2.3,0.7,35.041,0
1999-05-18,1999,19938,5,2.2,0.7,35.035,10
1999-05-18,1999,19938,5,2.3,0.7,35.048,20
1999-05-18,1999,19938,5,2.4,0.7,35.033,30
1999-05-18,1999,19938,5,2.5,0.7,35.036,40
1999-05-18,1999,19938,5,2.7,0.8,35.039,50
1999-06-17,1999,19968,6,2.8,0.8,35.05,0
1999-06-17,1999,19968,6,2.8,0.8,35.052,10
1999-06-17,1999,19968,6,2.9,0.7,35.053,20
1999-06-17,1999,19968,6,2.8,0.7,35.05,30
1999-06-17,1999,19968,6,2.9,0.7,35.053,40
1999-08-05,1999,20017,8,2.8,0.6,35.196,0
1999-08-05,1999,20017,8,2.9,0.6,35.194,10
1999-08-05,1999,20017,8,2.9,0.6,35.2,20
1999-08-05,1999,20017,8,3.1,0.6,35.219,30
1999-08-05,1999,20017,8,3.1,0.6,35.219,40
1999-08-05,1999,20017,8,3,0.6,35.216,50
1999-08-24,1999,20036,8,2.8,1,35.185,0
1999-08-24,1999,20036,8,2.7,1.1,35.184,10
1999-08-24,1999,20036,8,2.8,1.1,35.185,20
1999-08-24,1999,20036,8,2.8,1.1,35.183,30
1999-08-24,1999,20036,8,2.9,1,35.184,40
1999-08-24,1999,20036,8,NA,NA,35.186,50
1999-12-07,1999,20141,12,0,1,35.193,0
1999-12-07,1999,20141,12,0,0.9,35.175,10
1999-12-07,1999,20141,12,0.1,0.9,35.17,20
1999-12-07,1999,20141,12,0.1,0.8,35.176,30
1999-12-07,1999,20141,12,0.1,0.8,35.17,40
1999-12-07,1999,20141,12,0.4,0.9,35.174,50
2000-02-03,2000,20199,2,0,0.7,35.408,0
2000-02-03,2000,20199,2,0,0.9,35.398,10
2000-02-03,2000,20199,2,0.4,0.8,35.39,20
2000-02-03,2000,20199,2,0.8,0.9,35.382,30
2000-02-03,2000,20199,2,0,0.7,35.404,40
2000-02-03,2000,20199,2,0,0.7,35.407,50
2000-02-24,2000,20220,2,0.1,0.8,35.478,0
2000-02-24,2000,20220,2,0.1,0.8,35.48,10
2000-02-24,2000,20220,2,0.2,0.8,35.481,20
2000-02-24,2000,20220,2,0.4,0.9,35.483,30
2000-02-24,2000,20220,2,2,1.3,35.449,40
2000-02-24,2000,20220,2,3.4,1.6,35.41,50
2000-03-09,2000,20234,3,0,0.4,35.484,0
2000-03-09,2000,20234,3,0,0.4,35.483,10
2000-03-09,2000,20234,3,0,0.4,35.478,20
2000-03-09,2000,20234,3,0,0.4,35.459,30
2000-03-09,2000,20234,3,1.9,1.2,35.388,40
2000-03-09,2000,20234,3,2.9,1.5,35.368,50
2000-06-26,2000,20343,6,3.1,1,35.262,0
2000-06-26,2000,20343,6,3.1,1,35.264,10
2000-06-26,2000,20343,6,3.1,1,35.262,20
2000-06-26,2000,20343,6,3,1.1,35.287,30
2000-06-26,2000,20343,6,2.9,1.1,35.284,40
2000-06-26,2000,20343,6,2.9,1,35.285,50
2000-07-17,2000,20364,7,1.8,0.6,35.212,0
2000-07-17,2000,20364,7,3,0.9,35.21,10
2000-07-17,2000,20364,7,2.9,0.9,35.194,20
2000-07-17,2000,20364,7,3,0.9,35.195,30
2000-07-17,2000,20364,7,3,0.9,35.19,40
2000-07-17,2000,20364,7,3,1,35.19,50
2000-08-18,2000,20396,8,2.1,0.8,35.292,0
2000-08-18,2000,20396,8,2.1,0.8,35.29,10
2000-08-18,2000,20396,8,2,0.8,35.275,20
2000-08-18,2000,20396,8,1.7,0.7,35.274,30
2000-08-18,2000,20396,8,1.6,0.7,35.274,40
2000-08-18,2000,20396,8,1.5,0.7,35.273,50
2000-10-20,2000,20459,10,1.4,0.9,35.221,0
2000-10-20,2000,20459,10,1.3,0.7,35.209,10
2000-10-20,2000,20459,10,1.2,0.9,35.208,20
2000-10-20,2000,20459,10,1.5,0.8,35.21,30
2000-10-20,2000,20459,10,2.3,0.9,35.218,40
2000-10-20,2000,20459,10,2.2,1.1,35.214,50
2000-12-07,2000,20507,12,0,0.1,35.352,0
2000-12-07,2000,20507,12,0,0.1,35.362,10
2000-12-07,2000,20507,12,0,0.1,35.337,20
2000-12-07,2000,20507,12,0,0.1,35.338,30
2000-12-07,2000,20507,12,0,0.2,35.333,40
2000-12-07,2000,20507,12,0.1,0.4,35.303,50
2001-01-18,2001,20549,1,0,0.3,35.692,0
2001-01-18,2001,20549,1,0,0.3,35.713,10
2001-01-18,2001,20549,1,0,0.3,35.633,20
2001-01-18,2001,20549,1,0,0.3,35.52,30
2001-01-18,2001,20549,1,0,0.4,35.566,40
2001-01-18,2001,20549,1,0,0.3,NA,50
2001-02-20,2001,20582,2,0,0.3,35.558,0
2001-02-20,2001,20582,2,0,0.2,35.571,10
2001-02-20,2001,20582,2,0,0.2,35.571,20
2001-02-20,2001,20582,2,0,0.3,35.573,30
2001-02-20,2001,20582,2,0,0.3,35.569,40
2001-02-20,2001,20582,2,0,0.2,35.562,50
2001-03-06,2001,20596,3,0,0.4,35.62,0
2001-03-06,2001,20596,3,0,0.4,35.605,10
2001-03-06,2001,20596,3,0,0.4,35.605,20
2001-03-06,2001,20596,3,0,0.4,35.595,30
2001-03-06,2001,20596,3,0,0.5,35.591,40
2001-03-06,2001,20596,3,0,0.5,35.566,50
2001-05-02,2001,20653,5,1.3,1.1,35.396,0
2001-05-02,2001,20653,5,1.3,1.1,35.394,10
2001-05-02,2001,20653,5,1.3,1.1,35.4,20
2001-05-02,2001,20653,5,1.3,1.1,35.401,30
2001-05-02,2001,20653,5,1.2,1.1,35.408,40
2001-05-02,2001,20653,5,1.4,1.1,35.409,50
2001-05-31,2001,20682,5,2.6,1,35.322,0
2001-05-31,2001,20682,5,2.7,1,35.309,10
2001-05-31,2001,20682,5,2.6,1,35.308,20
2001-05-31,2001,20682,5,2.6,1,35.297,30
2001-05-31,2001,20682,5,2.7,1,35.303,40
2001-05-31,2001,20682,5,2.6,1,35.299,50
2001-08-30,2001,20773,8,2.8,1.1,35.322,0
2001-08-30,2001,20773,8,2.8,1.1,35.321,10
2001-08-30,2001,20773,8,2.7,1.1,35.319,20
2001-08-30,2001,20773,8,2.8,1.1,35.32,30
2001-08-30,2001,20773,8,2.3,0.9,35.326,40
2001-08-30,2001,20773,8,2.1,0.8,35.329,50
2001-11-08,2001,20843,11,0.6,0.7,35.122,0
2001-11-08,2001,20843,11,0.6,0.7,35.12,10
2001-11-08,2001,20843,11,0.6,0.7,35.119,20
2001-11-08,2001,20843,11,0.6,0.7,35.119,30
2001-11-08,2001,20843,11,0.6,0.7,35.119,40
2001-11-08,2001,20843,11,0.8,0.8,35.126,50
2001-12-18,2001,20883,12,0,0.4,35.224,0
2001-12-18,2001,20883,12,0,0.5,35.221,10
2001-12-18,2001,20883,12,0,0.4,35.225,20
2001-12-18,2001,20883,12,0,0.4,35.217,30
2001-12-18,2001,20883,12,0,0.4,35.231,40
2001-12-18,2001,20883,12,0.1,0.5,35.227,50
2002-01-17,2002,20913,1,0.1,1,35.492,0
2002-01-17,2002,20913,1,0.1,0.7,35.479,10
2002-01-17,2002,20913,1,0.1,0.7,35.479,20
2002-01-17,2002,20913,1,0.1,0.7,35.459,30
2002-01-17,2002,20913,1,0.1,0.7,35.455,40
2002-01-17,2002,20913,1,0.1,0.7,35.452,50
2002-03-05,2002,20960,3,0,0.4,35.521,0
2002-03-05,2002,20960,3,0,0.4,35.523,10
2002-03-05,2002,20960,3,0,0.5,35.516,20
2002-03-05,2002,20960,3,0,0.6,35.504,30
2002-03-05,2002,20960,3,0.4,1.2,35.474,40
2002-03-05,2002,20960,3,1.6,1.8,35.444,50
2002-04-16,2002,21002,4,0,0.7,35.466,0
2002-04-16,2002,21002,4,0,0.8,35.468,10
2002-04-16,2002,21002,4,0,0.8,35.471,20
2002-04-16,2002,21002,4,0,0.7,35.47,30
2002-04-16,2002,21002,4,0,0.8,35.481,40
2002-04-16,2002,21002,4,0,0.9,35.493,50
2002-10-16,2002,21185,10,0.9,0.7,35.203,0
2002-10-16,2002,21185,10,0.8,0.7,35.194,10
2002-10-16,2002,21185,10,0.8,0.7,35.211,20
2002-10-16,2002,21185,10,1.5,0.7,35.191,30
2002-10-16,2002,21185,10,1.3,0.8,35.202,40
2002-10-16,2002,21185,10,1.6,0.7,35.198,50
2002-11-21,2002,21221,11,0,1.1,35.198,0
2002-11-21,2002,21221,11,0,1.1,35.191,10
2002-11-21,2002,21221,11,0,1.1,35.198,20
2002-11-21,2002,21221,11,0.1,1.1,35.193,30
2002-11-21,2002,21221,11,0.3,1.1,35.181,40
2002-11-21,2002,21221,11,1.6,1.2,35.18,50
2003-03-31,2003,21351,3,0.2,1,35.629,0
2003-03-31,2003,21351,3,0.1,1.2,35.622,10
2003-03-31,2003,21351,3,0.4,1.4,35.582,20
2003-03-31,2003,21351,3,0.5,1.4,35.574,30
2003-03-31,2003,21351,3,1.1,1.5,35.555,40
2003-03-31,2003,21351,3,0.9,1.9,35.535,50
2003-05-05,2003,21386,5,2.1,1.4,35.544,0
2003-05-05,2003,21386,5,2.1,1.4,35.547,10
2003-05-05,2003,21386,5,2.3,1.4,35.535,20
2003-05-05,2003,21386,5,2.8,1.6,35.514,30
2003-05-05,2003,21386,5,2.7,1.7,35.513,40
2003-05-05,2003,21386,5,3,1.9,35.516,50
2003-11-24,2003,21589,11,0,0.6,35.216,0
2003-11-24,2003,21589,11,0,0.6,35.213,10
2003-11-24,2003,21589,11,0,0.4,35.213,20
2003-11-24,2003,21589,11,0.2,0.4,35.202,30
2003-11-24,2003,21589,11,2.1,1.2,35.148,40
2003-11-24,2003,21589,11,3.1,1.8,35.177,50
2004-03-15,2004,21701,3,0,0.2,35.451,0
2004-03-15,2004,21701,3,0,0.3,35.446,10
2004-03-15,2004,21701,3,0,0.5,35.445,20
2004-03-15,2004,21701,3,0,0.5,35.451,30
2004-03-15,2004,21701,3,0.2,0.6,35.43,40
2004-03-15,2004,21701,3,1.3,1.1,35.42,50
2004-06-11,2004,21789,6,4.1,1.1,35.179,0
2004-06-11,2004,21789,6,4.2,1.2,35.178,10
2004-06-11,2004,21789,6,4.2,1.1,35.178,20
2004-06-11,2004,21789,6,4.1,1.1,35.182,30
2004-06-11,2004,21789,6,4.2,1.2,35.185,40
2004-06-11,2004,21789,6,4.1,1.2,35.184,50
2004-09-10,2004,21880,9,1.6,0.2,35.123,0
2004-09-10,2004,21880,9,1.8,0.2,35.115,10
2004-09-10,2004,21880,9,2.7,0.3,35.102,20
2004-09-10,2004,21880,9,2.7,0.5,35.106,30
2004-09-10,2004,21880,9,3.6,0.7,35.101,40
2004-09-10,2004,21880,9,3.9,0.8,35.113,50
2004-10-18,2004,21918,10,2.6,0.6,35.088,0
2004-10-18,2004,21918,10,2.5,0.7,35.095,10
2004-10-18,2004,21918,10,2.5,0.6,35.095,20
2004-10-18,2004,21918,10,2.6,0.7,35.099,30
2004-10-18,2004,21918,10,2.8,0.7,35.091,40
2004-10-18,2004,21918,10,3.1,0.7,35.083,50
2005-03-16,2005,22067,3,0.1,0.6,35.351,0
2005-03-16,2005,22067,3,0.1,0.7,35.348,10
2005-03-16,2005,22067,3,0.2,0.7,35.344,20
2005-03-16,2005,22067,3,0.2,0.8,35.348,30
2005-03-16,2005,22067,3,0.2,0.8,35.354,40
2005-03-16,2005,22067,3,0.2,0.9,35.354,50
2005-08-26,2005,22230,8,3.6,0.8,35.142,0
2005-08-26,2005,22230,8,3.6,0.7,35.142,10
2005-08-26,2005,22230,8,3.6,0.7,35.148,20
2005-08-26,2005,22230,8,3.7,0.8,35.149,30
2005-08-26,2005,22230,8,3.7,0.7,35.144,40
2005-08-26,2005,22230,8,3.9,0.8,35.143,50
2005-09-22,2005,22257,9,2.9,0.7,35.035,0
2005-09-22,2005,22257,9,2.8,0.6,35.04,10
2005-09-22,2005,22257,9,2.8,0.6,35.073,20
2005-09-22,2005,22257,9,2.6,0.5,35.079,30
2005-09-22,2005,22257,9,2.9,0.6,35.098,40
2005-09-22,2005,22257,9,2.6,0.7,35.101,50
2005-11-17,2005,22313,11,0,0.1,35.099,0
2005-11-17,2005,22313,11,0.1,0.1,35.09,10
2005-11-17,2005,22313,11,0.1,0.2,35.091,20
2005-11-17,2005,22313,11,0.2,0.2,35.089,30
2005-11-17,2005,22313,11,0.4,0.1,35.09,40
2005-11-17,2005,22313,11,0.4,0.2,35.088,50
2006-01-05,2006,22362,1,0.85,0.46,35.04,0
2006-01-05,2006,22362,1,0.63,0.4,35.037,10
2006-01-05,2006,22362,1,0.11,0.17,35.044,20
2006-01-05,2006,22362,1,0.44,0.3,35.085,30
2006-01-05,2006,22362,1,0.49,0.33,35.043,40
2006-01-05,2006,22362,1,0.59,0.35,35.01,50
2006-05-18,2006,22495,5,3.34,0.55,35.017,0
2006-05-18,2006,22495,5,3.24,0.67,35.013,10
2006-05-18,2006,22495,5,3.36,0.59,35.011,20
2006-05-18,2006,22495,5,3.3,0.55,35.018,30
2006-05-18,2006,22495,5,3.27,0.52,35.009,40
2006-05-18,2006,22495,5,3.31,0.53,35.009,50
2006-07-25,2006,22563,7,3.73,0.47,35.09,0
2006-07-25,2006,22563,7,3.72,0.46,35.114,10
2006-07-25,2006,22563,7,3.77,0.47,35.113,20
2006-07-25,2006,22563,7,3.74,0.5,35.116,30
2006-07-25,2006,22563,7,3.73,0.41,35.119,40
2006-07-25,2006,22563,7,3.77,0.38,35.117,50
2006-10-31,2006,22661,10,0.77,0.2,35.048,0
2006-10-31,2006,22661,10,0.8,0.21,35.048,10
2006-10-31,2006,22661,10,1.79,0.38,35.357,20
2006-10-31,2006,22661,10,2.18,0.45,35.04,30
2006-10-31,2006,22661,10,2.05,0.5,35.04,40
2006-10-31,2006,22661,10,2.17,0.5,35.04,50
2007-01-12,2007,22734,1,0.57,0.59,35.349,0
2007-01-12,2007,22734,1,0.46,0.57,35.348,10
2007-01-12,2007,22734,1,0.13,0.36,35.333,20
2007-01-12,2007,22734,1,1.15,0.71,35.351,30
2007-01-12,2007,22734,1,2.76,1.22,35.359,40
2007-01-12,2007,22734,1,5.38,1.98,35.34,50
2007-04-12,2007,22824,4,0.63,0.14,35.636,0
2007-04-12,2007,22824,4,0.64,0.13,35.629,10
2007-04-12,2007,22824,4,0.65,0.11,35.629,20
2007-04-12,2007,22824,4,1.06,0.22,35.614,30
2007-04-12,2007,22824,4,1.33,0.28,35.606,40
2007-04-12,2007,22824,4,1.61,0.44,35.603,50
2007-06-25,2007,22898,6,3.75,0.71,35.303,0
2007-06-25,2007,22898,6,3.75,0.76,35.301,10
2007-06-25,2007,22898,6,3.66,0.6,35.302,20
2007-06-25,2007,22898,6,3.81,0.59,35.302,30
2007-06-25,2007,22898,6,3.82,0.66,35.301,40
2007-06-25,2007,22898,6,3.97,0.76,35.314,50
2007-08-22,2007,22956,8,3.19,0.9,35.253,0
2007-08-22,2007,22956,8,3.18,0.93,35.246,10
2007-08-22,2007,22956,8,3.21,0.9,35.245,20
2007-08-22,2007,22956,8,3.17,0.89,35.241,30
2007-08-22,2007,22956,8,3.16,0.9,35.248,40
2007-08-22,2007,22956,8,3.16,0.91,35.244,50
2007-10-09,2007,23004,10,2.5,0.6,35.174,0
2007-10-09,2007,23004,10,2.64,0.62,35.173,10
2007-10-09,2007,23004,10,2.56,0.6,35.172,20
2007-10-09,2007,23004,10,2.51,0.61,35.173,30
2007-10-09,2007,23004,10,2.53,0.6,35.173,40
2007-10-09,2007,23004,10,2.5,0.6,35.173,50
2007-11-07,2007,23033,11,1.41,0.57,35.214,0
2007-11-07,2007,23033,11,1.53,0.66,35.218,10
2007-11-07,2007,23033,11,1.68,0.66,35.228,20
2007-11-07,2007,23033,11,1.71,0.67,35.223,30
2007-11-07,2007,23033,11,1.81,0.7,35.225,40
2007-11-07,2007,23033,11,1.86,0.7,35.213,50
2008-01-29,2008,23116,1,0,0.41,35.398,0
2008-01-29,2008,23116,1,0.06,0.43,35.392,10
2008-01-29,2008,23116,1,0.45,0.49,35.367,20
2008-01-29,2008,23116,1,0.42,0.56,35.364,30
2008-01-29,2008,23116,1,1.25,0.86,35.335,40
2008-01-29,2008,23116,1,2.56,1.44,35.321,50
2008-05-21,2008,23229,5,3.75,0.75,35.109,0
2008-05-21,2008,23229,5,3.78,0.77,35.113,10
2008-05-21,2008,23229,5,3.76,0.78,35.109,20
2008-05-21,2008,23229,5,3.85,0.78,35.114,30
2008-05-21,2008,23229,5,3.82,0.77,35.107,40
2008-05-21,2008,23229,5,3.77,0.79,35.107,50
2009-04-21,2009,0,4,1.9,0.6,35.365,0
2009-04-21,2009,0,4,1.8,0.6,35.359,10
2009-04-21,2009,0,4,1.9,0.6,35.361,20
2009-04-21,2009,0,4,1.9,0.6,35.367,30
2009-04-21,2009,0,4,1.9,0.6,35.359,40
2009-04-21,2009,0,4,1.9,0.6,35.361,50
2009-04-21,2009,0,4,2,0.6,35.375,60
2009-04-21,2009,0,4,2,0.6,35.383,75
2009-04-21,2009,0,4,2,0.5,35.371,80
2009-05-06,2009,15,5,1.8,0.4,35.519,0
2009-05-06,2009,15,5,1.8,0.5,35.517,10
2009-05-06,2009,15,5,1.8,0.4,35.519,20
2009-05-06,2009,15,5,1.9,0.5,35.519,30
2009-05-06,2009,15,5,2.9,0.7,35.365,40
2009-05-06,2009,15,5,3.1,0.7,35.308,50
2009-05-06,2009,15,5,3.1,0.8,35.293,60
2009-05-06,2009,15,5,3,0.9,35.291,75
2009-05-06,2009,15,5,3,0.9,35.293,80
2009-06-01,2009,41,6,3.8,1.1,35.267,0
2009-06-01,2009,41,6,3.8,1.1,35.23,10
2009-06-01,2009,41,6,3.8,1.1,35.222,20
2009-06-01,2009,41,6,3.7,1.1,35.242,30
2009-06-01,2009,41,6,3.7,1.2,35.238,40
2009-06-01,2009,41,6,3.7,1.2,35.248,50
2009-06-01,2009,41,6,3.6,1.2,35.276,60
2009-06-01,2009,41,6,3.5,1.2,35.295,75
2009-06-01,2009,41,6,3.5,1.2,35.307,80
2009-07-16,2009,86,7,3,1,35.218,0
2009-07-16,2009,86,7,3,0.9,35.217,10
2009-07-16,2009,86,7,3,0.9,35.218,20
2009-07-16,2009,86,7,3,0.9,35.221,30
2009-07-16,2009,86,7,3,0.9,35.22,40
2009-07-16,2009,86,7,2.9,0.9,35.22,50
2009-07-16,2009,86,7,3,0.9,35.215,60
2009-07-16,2009,86,7,3.1,0.9,35.212,75
2009-07-16,2009,86,7,3.2,0.9,35.19,80
2009-08-20,2009,121,8,3.1,1.1,35.227,0
2009-08-20,2009,121,8,3.2,1.1,35.236,10
2009-08-20,2009,121,8,3.3,1.1,35.243,20
2009-08-20,2009,121,8,3.5,1.1,35.25,30
2009-08-20,2009,121,8,3.6,1.1,35.251,40
2009-08-20,2009,121,8,3.8,1.1,35.253,50
2009-08-20,2009,121,8,3.6,1.1,35.256,60
2009-08-20,2009,121,8,3.6,1.1,35.259,75
2009-08-20,2009,121,8,3.5,1.1,35.258,80
2009-09-07,2009,139,9,3.2,1.1,35.192,0
2009-09-07,2009,139,9,3.2,1,35.196,10
2009-09-07,2009,139,9,3.2,1,35.196,20
2009-09-07,2009,139,9,3.2,1,35.203,30
2009-09-07,2009,139,9,3.2,1,35.196,40
2009-09-07,2009,139,9,3.2,1,35.2,50
2009-09-07,2009,139,9,3.1,0.9,35.215,60
2009-09-07,2009,139,9,3,0.9,35.219,75
2009-09-07,2009,139,9,3.1,0.9,35.219,80
2009-10-13,2009,175,10,0.5,0,35.038,0
2009-10-13,2009,175,10,0.6,0,35.064,10
2009-10-13,2009,175,10,1,0,35.084,20
2009-10-13,2009,175,10,1.7,0.2,35.086,30
2009-10-13,2009,175,10,2.5,0.4,35.094,40
2009-10-13,2009,175,10,2.7,0.5,35.096,50
2009-10-13,2009,175,10,2.8,0.5,35.095,60
2009-10-13,2009,175,10,3,0.6,35.1,75
2009-10-13,2009,175,10,3,0.6,35.097,80
2009-11-11,2009,204,11,0.1,0.1,35.091,0
2009-11-11,2009,204,11,0,0.3,35.117,10
2009-11-11,2009,204,11,0,0.5,35.17,20
2009-11-11,2009,204,11,0.6,0.4,35.155,30
2009-11-11,2009,204,11,1.5,0.4,35.115,40
2009-11-11,2009,204,11,3.1,0.7,35.072,50
2009-11-11,2009,204,11,3.7,0.9,35.076,60
2009-11-11,2009,204,11,4.9,1.4,35.001,75
2009-11-11,2009,204,11,5,1.7,35.118,80
2009-12-07,2009,230,12,0.1,0.3,35.096,0
2009-12-07,2009,230,12,0,0,35.143,10
2009-12-07,2009,230,12,0.1,0,35.166,20
2009-12-07,2009,230,12,0.1,0,35.166,30
2009-12-07,2009,230,12,2.2,0.6,35.198,40
2009-12-07,2009,230,12,3,0.7,35.221,50
2009-12-07,2009,230,12,3.7,0.9,35.216,60
2009-12-07,2009,230,12,5.4,1.7,35.154,75
2009-12-07,2009,230,12,5.4,1.7,35.156,80
2010-01-20,2010,274,1,0,0.5,35.43,0
2010-01-20,2010,274,1,0.1,0.3,35.355,10
2010-01-20,2010,274,1,0,0.3,35.35,20
2010-01-20,2010,274,1,0,0.3,35.359,30
2010-01-20,2010,274,1,0,0.3,35.359,40
2010-01-20,2010,274,1,0,0.2,35.36,50
2010-01-20,2010,274,1,0.1,0.2,35.351,60
2010-01-20,2010,274,1,0.4,0.3,35.302,75
2010-01-20,2010,274,1,1,0.5,35.286,80
2010-03-30,2010,343,3,0.7,0.8,35.527,0
2010-03-30,2010,343,3,0.7,0.8,35.514,10
2010-03-30,2010,343,3,0.8,0.8,35.512,20
2010-03-30,2010,343,3,1,0.9,35.514,30
2010-03-30,2010,343,3,2.8,1.4,35.436,40
2010-03-30,2010,343,3,5.3,2,35.326,50
2010-03-30,2010,343,3,5.3,1.9,35.328,60
2010-03-30,2010,343,3,6.3,2.2,35.312,75
2010-03-30,2010,343,3,7.5,2.7,35.283,84
2010-05-05,2010,379,5,1.5,1.2,35.513,0
2010-05-05,2010,379,5,1.5,1.2,35.513,10
2010-05-05,2010,379,5,1.5,1.2,35.515,20
2010-05-05,2010,379,5,1.6,1.2,35.515,30
2010-05-05,2010,379,5,1.5,1.3,35.514,40
2010-05-05,2010,379,5,1.5,1.4,35.515,50
2010-05-05,2010,379,5,1.5,1.2,35.517,60
2010-05-05,2010,379,5,1.5,1.2,35.521,75
2010-05-05,2010,379,5,1.5,1.2,35.519,80
2010-05-27,2010,401,5,3.5,1,35.471,0
2010-05-27,2010,401,5,3.5,1,35.471,10
2010-05-27,2010,401,5,3.7,1,35.463,20
2010-05-27,2010,401,5,3.6,1,35.466,30
2010-05-27,2010,401,5,3.6,1,35.47,40
2010-05-27,2010,401,5,3.6,1,35.469,50
2010-05-27,2010,401,5,3.6,1,35.463,60
2010-05-27,2010,401,5,3.6,1,35.463,75
2010-05-27,2010,401,5,3.6,1,35.467,80
2010-06-15,2010,420,6,2.9,0.7,35.247,0
2010-06-15,2010,420,6,2.8,0.7,35.248,10
2010-06-15,2010,420,6,2.9,0.7,35.251,20
2010-06-15,2010,420,6,2.9,0.7,35.251,30
2010-06-15,2010,420,6,2.8,0.7,35.253,40
2010-06-15,2010,420,6,2.8,0.7,35.256,50
2010-06-15,2010,420,6,2.9,0.8,35.252,60
2010-06-15,2010,420,6,3,0.8,35.252,75
2010-06-15,2010,420,6,3.2,0.9,35.252,80
2010-07-22,2010,457,7,3.4,0.7,35.223,0
2010-07-22,2010,457,7,3.4,0.7,35.221,10
2010-07-22,2010,457,7,3.3,0.7,35.221,20
2010-07-22,2010,457,7,3.4,0.7,35.219,30
2010-07-22,2010,457,7,3.4,0.7,35.219,40
2010-07-22,2010,457,7,3.4,0.8,35.222,50
2010-07-22,2010,457,7,3.6,0.8,35.22,60
2010-07-22,2010,457,7,3.5,0.8,35.223,75
2010-07-22,2010,457,7,3.7,0.9,35.239,80
2010-10-01,2010,528,10,4.4,1.1,35.044,0
2010-10-01,2010,528,10,4.4,1.1,35.035,10
2010-10-01,2010,528,10,4.4,1,35.039,20
2010-10-01,2010,528,10,4.3,1,35.043,30
2010-10-01,2010,528,10,4.4,1,35.06,40
2010-10-01,2010,528,10,4.3,0.9,35.113,50
2010-10-01,2010,528,10,3.9,0.9,35.126,60
2010-10-01,2010,528,10,3.9,0.9,35.129,75
2010-10-01,2010,528,10,3.6,0.9,35.139,80
2010-10-27,2010,554,10,1.7,0.1,34.986,0
2010-10-27,2010,554,10,1.6,0,35.003,10
2010-10-27,2010,554,10,1.9,0,35.012,20
2010-10-27,2010,554,10,3.7,0.6,35.029,30
2010-10-27,2010,554,10,4,0.9,35.075,40
2010-10-27,2010,554,10,4.2,1.2,35.072,50
2010-10-27,2010,554,10,4.3,1.3,35.06,60
2010-10-27,2010,554,10,4.4,1.4,35.076,75
2010-10-27,2010,554,10,4.4,1.5,35.083,80
2010-12-14,2010,602,12,0,0,34.968,0
2010-12-14,2010,602,12,0,0,34.947,10
2010-12-14,2010,602,12,0.1,0,34.953,20
2010-12-14,2010,602,12,0.7,0.1,34.991,30
2010-12-14,2010,602,12,1.9,0.4,35.009,40
2010-12-14,2010,602,12,3.1,0.8,35.044,50
2010-12-14,2010,602,12,5.4,1.5,35.054,60
2010-12-14,2010,602,12,5.8,1.7,35.049,75
2010-12-14,2010,602,12,6.2,2,35.044,80
2011-01-18,2011,637,1,0.1,0.5,35.064,0
2011-01-18,2011,637,1,0,0.5,35.081,10
2011-01-18,2011,637,1,0.8,0.7,35.018,20
2011-01-18,2011,637,1,2.9,1.1,35.013,30
2011-01-18,2011,637,1,3,1.1,35.012,40
2011-01-18,2011,637,1,3.1,1.1,35.009,50
2011-01-18,2011,637,1,3.2,1.1,35.013,60
2011-01-18,2011,637,1,6.4,1.7,35.011,75
2011-01-18,2011,637,1,6.8,1.8,35.015,82
2011-02-23,2011,673,2,0.3,0.5,35.309,0
2011-02-23,2011,673,2,0.5,0.5,35.29,10
2011-02-23,2011,673,2,0.6,0.5,35.264,20
2011-02-23,2011,673,2,0.6,0.5,35.256,30
2011-02-23,2011,673,2,0.8,0.6,35.25,40
2011-02-23,2011,673,2,1,0.6,35.232,50
2011-02-23,2011,673,2,1.6,0.8,35.188,60
2011-02-23,2011,673,2,2.1,0.9,35.169,75
2011-02-23,2011,673,2,2.3,1,35.158,82
2011-03-28,2011,706,3,1.3,0.6,35.328,0
2011-03-28,2011,706,3,1.3,0.7,35.323,10
2011-03-28,2011,706,3,1.2,0.7,35.331,20
2011-03-28,2011,706,3,1.2,0.7,35.312,30
2011-03-28,2011,706,3,1.1,0.6,35.332,40
2011-03-28,2011,706,3,1.4,0.7,35.324,50
2011-03-28,2011,706,3,1.6,0.8,35.31,60
2011-03-28,2011,706,3,3.8,1.1,35.291,75
2011-03-28,2011,706,3,5.1,1.5,35.282,82
2011-04-07,2011,716,4,1.8,1.1,35.321,0
2011-04-07,2011,716,4,1.6,0.7,35.32,10
2011-04-07,2011,716,4,1.6,0.7,35.33,20
2011-04-07,2011,716,4,1.6,0.6,35.327,30
2011-04-07,2011,716,4,2.2,0.6,35.3,40
2011-04-07,2011,716,4,2.8,0.6,35.287,50
2011-04-07,2011,716,4,2.9,0.6,35.207,75
2011-04-07,2011,716,4,3,0.7,35.217,82
2011-05-31,2011,770,5,3,0.4,35.123,0
2011-05-31,2011,770,5,3.6,0.7,35.124,10
2011-05-31,2011,770,5,3.6,0.7,35.136,20
2011-05-31,2011,770,5,3.6,0.6,35.124,30
2011-05-31,2011,770,5,3.6,0.6,35.133,40
2011-05-31,2011,770,5,4,0.8,35.119,60
2011-05-31,2011,770,5,3.9,0.8,35.141,75
2011-05-31,2011,770,5,4,1.1,35.126,82
2011-07-25,2011,825,7,4.1,0.7,35.275,0
2011-07-25,2011,825,7,4,0.6,35.277,10
2011-07-25,2011,825,7,4,0.7,35.279,20
2011-07-25,2011,825,7,3.8,0.6,35.286,30
2011-07-25,2011,825,7,3.7,0.6,35.276,40
2011-07-25,2011,825,7,3.7,0.6,35.273,50
2011-07-25,2011,825,7,3.5,0.5,35.275,60
2011-07-25,2011,825,7,3.5,0.5,35.274,75
2011-07-25,2011,825,7,3.4,0.5,35.279,85
2011-08-12,2011,843,8,4,0.5,35.212,0
2011-08-12,2011,843,8,3.9,0.4,35.203,10
2011-08-12,2011,843,8,4,0.4,35.198,20
2011-08-12,2011,843,8,4.2,0.5,35.198,30
2011-08-12,2011,843,8,4,0.5,35.2,40
2011-08-12,2011,843,8,4.2,0.7,35.206,50
2011-08-12,2011,843,8,4,0.4,35.208,60
2011-08-12,2011,843,8,4.2,0.6,35.195,75
2011-08-12,2011,843,8,4.1,0.5,35.187,85
2011-10-05,2011,897,10,3.5,1.1,35.314,0
2011-10-05,2011,897,10,3.6,1.1,35.309,10
2011-10-05,2011,897,10,3.8,1.2,35.31,20
2011-10-05,2011,897,10,3.9,1.2,35.301,30
2011-10-05,2011,897,10,3.9,1.4,35.302,40
2011-10-05,2011,897,10,3.9,1.3,35.29,50
2011-10-05,2011,897,10,3.1,1,35.287,60
2011-10-05,2011,897,10,2.7,0.9,35.292,75
2011-10-05,2011,897,10,2.6,0.9,35.29,85
2011-10-26,2011,918,10,0.1,0.1,35.241,0
2011-10-26,2011,918,10,0.1,0.2,35.241,10
2011-10-26,2011,918,10,0.2,0.1,35.242,20
2011-10-26,2011,918,10,0.3,0.2,35.246,30
2011-10-26,2011,918,10,0.5,0.3,35.252,40
2011-10-26,2011,918,10,0.6,0.3,35.249,60
2011-10-26,2011,918,10,0.7,0.3,35.249,75
2011-10-26,2011,918,10,1.3,0.5,35.238,82
2011-12-14,2011,967,12,0,0.4,35.38,0
2011-12-14,2011,967,12,0,0.4,35.374,10
2011-12-14,2011,967,12,0,0.5,35.366,20
2011-12-14,2011,967,12,0,0.5,35.334,30
2011-12-14,2011,967,12,0.6,0.7,35.318,40
2011-12-14,2011,967,12,3.2,2,35.308,50
2011-12-14,2011,967,12,3.8,1.3,35.291,60
2011-12-14,2011,967,12,4.6,1.7,35.293,75
2011-12-14,2011,967,12,4.8,1.7,35.292,82
2012-01-19,2012,1003,1,0,0.3,35.492,0
2012-01-19,2012,1003,1,0,0.3,35.484,10
2012-01-19,2012,1003,1,0.1,0.3,35.488,20
2012-01-19,2012,1003,1,0.2,0.3,35.473,30
2012-01-19,2012,1003,1,0.3,0.3,35.474,40
2012-01-19,2012,1003,1,0.5,0.4,35.465,50
2012-01-19,2012,1003,1,0.8,0.5,35.45,60
2012-01-19,2012,1003,1,2.2,0.9,35.388,75
2012-01-19,2012,1003,1,2.8,1.1,35.371,82
2012-02-22,2012,1037,2,0,0.2,35.55,0
2012-02-22,2012,1037,2,0,0.2,35.528,10
2012-02-22,2012,1037,2,0,0.3,35.518,20
2012-02-22,2012,1037,2,0.6,0.4,35.508,30
2012-02-22,2012,1037,2,0.9,0.6,35.496,40
2012-02-22,2012,1037,2,5,1.8,35.423,50
2012-02-22,2012,1037,2,8.1,2.8,35.33,60
2012-02-22,2012,1037,2,9.2,3.3,35.297,75
2012-02-22,2012,1037,2,9.5,3.5,35.295,82
2012-03-26,2012,1070,3,0.1,0,35.486,0
2012-03-26,2012,1070,3,0.1,0,35.442,10
2012-03-26,2012,1070,3,0.2,0,35.439,20
2012-03-26,2012,1070,3,0.2,0,35.445,30
2012-03-26,2012,1070,3,0.9,0.1,35.427,40
2012-03-26,2012,1070,3,1.6,0.3,35.436,50
2012-03-26,2012,1070,3,2.5,0.6,35.437,60
2012-03-26,2012,1070,3,3.3,0.9,35.419,75
2012-03-26,2012,1070,3,5.7,1.9,35.346,82
2012-04-12,2012,1087,4,1.6,0.6,35.413,0
2012-04-12,2012,1087,4,1.6,0.6,35.409,10
2012-04-12,2012,1087,4,1.7,0.6,35.41,20
2012-04-12,2012,1087,4,1.6,0.6,35.411,30
2012-04-12,2012,1087,4,1.7,0.6,35.41,40
2012-04-12,2012,1087,4,1.7,0.6,35.409,50
2012-04-12,2012,1087,4,1.7,0.6,35.412,60
2012-04-12,2012,1087,4,1.7,0.6,35.412,75
2012-04-12,2012,1087,4,1.7,0.6,35.413,82
2012-05-24,2012,1129,5,2.1,2,35.4,0
2012-05-24,2012,1129,5,2.1,1.8,35.412,10
2012-05-24,2012,1129,5,2.1,1.6,35.41,20
2012-05-24,2012,1129,5,2.1,1.6,35.409,30
2012-05-24,2012,1129,5,2.2,1.7,35.413,40
2012-05-24,2012,1129,5,2.1,1.8,35.425,50
2012-05-24,2012,1129,5,2.1,1.8,35.433,60
2012-05-24,2012,1129,5,2,1.9,35.439,75
2012-05-24,2012,1129,5,2,1.9,35.442,82
2012-06-21,2012,1157,6,2.6,2,35.297,0
2012-06-21,2012,1157,6,2.6,1.7,35.296,10
2012-06-21,2012,1157,6,2.7,2,35.298,20
2012-06-21,2012,1157,6,2.7,1.9,35.304,30
2012-06-21,2012,1157,6,2.6,2,35.31,40
2012-06-21,2012,1157,6,2.6,1.9,35.314,50
2012-06-21,2012,1157,6,2.6,1.9,35.311,60
2012-06-21,2012,1157,6,2.6,1.9,35.323,75
2012-06-21,2012,1157,6,2.5,2.1,35.332,82
2012-07-24,2012,1190,7,2.9,1.8,35.352,0
2012-07-24,2012,1190,7,2.9,1.7,35.354,10
2012-07-24,2012,1190,7,2.9,1.8,35.348,20
2012-07-24,2012,1190,7,2.9,1.8,35.347,30
2012-07-24,2012,1190,7,2.9,1.8,35.348,40
2012-07-24,2012,1190,7,2.9,1.8,35.345,50
2012-07-24,2012,1190,7,2.9,1.8,35.346,60
2012-07-24,2012,1190,7,2.9,1.8,35.344,75
2012-07-24,2012,1190,7,3,1.8,35.34,82
2012-08-20,2012,1217,8,3.1,0.8,35.283,0
2012-08-20,2012,1217,8,3.1,0.8,35.285,10
2012-08-20,2012,1217,8,3.1,0.8,35.286,20
2012-08-20,2012,1217,8,3.1,0.8,35.283,30
2012-08-20,2012,1217,8,3.1,0.7,35.283,40
2012-08-20,2012,1217,8,3.2,0.8,35.282,50
2012-08-20,2012,1217,8,3.3,0.8,35.267,60
2012-08-20,2012,1217,8,3.3,0.8,35.27,75
2012-08-20,2012,1217,8,3.2,0.8,35.283,82
2012-10-02,2012,1260,10,4.6,1.2,35.053,0
2012-10-02,2012,1260,10,4.7,1.1,35.069,10
2012-10-02,2012,1260,10,3.9,1.1,35.079,20
2012-10-02,2012,1260,10,3.4,0.8,35.085,30
2012-10-02,2012,1260,10,3.8,0.9,35.08,40
2012-10-02,2012,1260,10,4,0.9,35.088,50
2012-10-02,2012,1260,10,4.1,1,35.116,75
2012-10-02,2012,1260,10,4.5,1,35.151,82
2012-10-17,2012,1275,10,2,0,35.035,0
2012-10-17,2012,1275,10,2,0,35.03,10
2012-10-17,2012,1275,10,2.2,0.1,35.034,20
2012-10-17,2012,1275,10,2.4,0.1,35.035,30
2012-10-17,2012,1275,10,2.9,0.2,35.05,40
2012-10-17,2012,1275,10,3.8,0.5,35.078,50
2012-10-17,2012,1275,10,5.2,1,35.107,60
2012-10-17,2012,1275,10,5.3,1,35.105,75
2012-10-17,2012,1275,10,5.2,1.1,35.104,85
2012-11-12,2012,1301,11,0.5,0.8,35.046,0
2012-11-12,2012,1301,11,0.6,0.9,35.043,10
2012-11-12,2012,1301,11,0.6,0.9,35.046,20
2012-11-12,2012,1301,11,0.7,1,35.047,30
2012-11-12,2012,1301,11,0.9,1.1,35.043,40
2012-11-12,2012,1301,11,1.4,1,35.048,50
2012-11-12,2012,1301,11,2.9,1.4,35.048,60
2012-11-12,2012,1301,11,4.3,2,35.061,75
2012-11-12,2012,1301,11,4.6,2.1,35.064,82
2013-01-29,2013,1379,1,0,0.4,35.117,0
2013-01-29,2013,1379,1,0,0.4,35.12,10
2013-01-29,2013,1379,1,0,0.5,35.119,20
2013-01-29,2013,1379,1,0,0.5,35.117,30
2013-01-29,2013,1379,1,0,0.5,35.12,40
2013-01-29,2013,1379,1,0,0.5,35.114,50
2013-01-29,2013,1379,1,0,0.4,35.145,60
2013-01-29,2013,1379,1,0.3,0.6,35.189,75
2013-01-29,2013,1379,1,2.4,1.3,35.172,82
2013-02-14,2013,1395,2,0,0.6,35.166,0
2013-02-14,2013,1395,2,0.1,0.4,23.145,10
2013-02-14,2013,1395,2,0,0.7,35.133,20
2013-02-14,2013,1395,2,0.1,0.6,35.12,30
2013-02-14,2013,1395,2,0.3,0.8,35.115,40
2013-02-14,2013,1395,2,0.4,0.5,35.107,50
2013-02-14,2013,1395,2,1,0.7,35.099,60
2013-02-14,2013,1395,2,2.8,1.1,35.098,75
2013-02-14,2013,1395,2,3.3,1.4,35.126,82
2013-03-13,2013,1422,3,0,0.5,35.224,0
2013-03-13,2013,1422,3,0,0.5,35.262,10
2013-03-13,2013,1422,3,0,0.5,35.283,20
2013-03-13,2013,1422,3,0,0.5,35.283,30
2013-03-13,2013,1422,3,0,0.5,35.283,40
2013-03-13,2013,1422,3,3.4,1.6,35.277,50
2013-03-13,2013,1422,3,3.6,1.4,35.281,60
2013-03-13,2013,1422,3,5.5,1.9,35.209,75
2013-03-13,2013,1422,3,5.7,2.1,35.189,85
2013-04-24,2013,1464,4,1.1,0.2,35.368,0
2013-04-24,2013,1464,4,1.2,0.3,35.371,10
2013-04-24,2013,1464,4,1.2,0.3,35.362,20
2013-04-24,2013,1464,4,1.2,0.3,35.362,30
2013-04-24,2013,1464,4,1.2,0.3,35.362,40
2013-04-24,2013,1464,4,1.1,0.2,35.359,50
2013-04-24,2013,1464,4,0.8,0.2,35.36,60
2013-04-24,2013,1464,4,0.9,0.2,35.343,75
2013-04-24,2013,1464,4,0.9,0.2,35.317,82
2013-05-28,2013,1498,5,2.4,0.5,35.407,0
2013-05-28,2013,1498,5,2.4,0.5,35.401,10
2013-05-28,2013,1498,5,2.4,0.6,35.402,20
2013-05-28,2013,1498,5,2.4,0.6,35.408,30
2013-05-28,2013,1498,5,2.5,0.6,35.407,40
2013-05-28,2013,1498,5,2.4,0.6,35.405,50
2013-05-28,2013,1498,5,2.4,0.6,35.412,60
2013-05-28,2013,1498,5,2.3,0.6,35.432,75
2013-05-28,2013,1498,5,2.2,0.6,35.429,82
2013-06-11,2013,1512,6,2.3,0.4,35.387,0
2013-06-11,2013,1512,6,2.3,0.4,35.351,10
2013-06-11,2013,1512,6,2.3,0.3,35.386,20
2013-06-11,2013,1512,6,2.3,0.3,35.388,30
2013-06-11,2013,1512,6,2.3,0.3,35.354,40
2013-06-11,2013,1512,6,2.3,0.3,35.352,50
2013-06-11,2013,1512,6,2.3,0.4,35.353,60
2013-06-11,2013,1512,6,2.3,0.4,35.394,75
2013-06-11,2013,1512,6,2.3,0.4,35.362,82
2013-08-07,2013,1569,8,2,0.7,35.424,0
2013-08-07,2013,1569,8,2,0.9,35.423,10
2013-08-07,2013,1569,8,2,0.9,35.424,20
2013-08-07,2013,1569,8,1.9,0.9,35.414,30
2013-08-07,2013,1569,8,1.9,0.9,35.411,40
2013-08-07,2013,1569,8,1.9,0.9,35.402,50
2013-08-07,2013,1569,8,2.5,1,35.395,75
2013-08-07,2013,1569,8,1.8,0.9,35.395,85
2013-08-21,2013,1583,8,1.8,0.8,35.417,0
2013-08-21,2013,1583,8,1.8,0.8,35.419,10
2013-08-21,2013,1583,8,1.8,0.8,35.421,20
2013-08-21,2013,1583,8,1.9,0.8,35.421,30
2013-08-21,2013,1583,8,1.9,0.8,35.413,40
2013-08-21,2013,1583,8,1.8,0.8,35.429,50
2013-08-21,2013,1583,8,1.8,0.8,35.419,60
2013-08-21,2013,1583,8,1.9,0.9,35.419,75
2013-08-21,2013,1583,8,1.8,0.8,35.426,85
2013-09-24,2013,1617,9,2.9,1.1,35.314,0
2013-09-24,2013,1617,9,2.8,1.1,35.321,10
2013-09-24,2013,1617,9,2.6,1,35.324,20
2013-09-24,2013,1617,9,2.5,1,35.311,30
2013-09-24,2013,1617,9,2.4,0.9,35.311,40
2013-09-24,2013,1617,9,2.3,0.9,35.307,50
2013-09-24,2013,1617,9,2.3,0.9,35.306,60
2013-09-24,2013,1617,9,2.2,0.8,35.314,75
2013-09-24,2013,1617,9,2.3,0.9,35.313,85
2013-11-17,2013,1671,11,0,0.6,35.291,0
2013-11-17,2013,1671,11,0,0.6,35.282,20
2013-11-17,2013,1671,11,0,0.6,35.282,40
2013-11-17,2013,1671,11,0.3,0.8,35.294,50
2013-11-17,2013,1671,11,0.7,0.9,35.297,60
2013-11-17,2013,1671,11,3.3,1.4,35.298,82
2013-12-17,2013,1701,12,0,0.2,35.174,0
2013-12-17,2013,1701,12,0,0.4,35.2,10
2013-12-17,2013,1701,12,0,0.4,35.217,20
2013-12-17,2013,1701,12,0,0.3,35.212,30
2013-12-17,2013,1701,12,0,0.5,35.23,40
2013-12-17,2013,1701,12,0,0.3,35.245,50
2013-12-17,2013,1701,12,0.1,0.8,35.253,60
2013-12-17,2013,1701,12,0.7,0.9,35.252,75
2013-12-17,2013,1701,12,2.4,1.1,35.262,82
2014-02-05,2014,1751,2,0.1,0.5,35.285,0
2014-02-05,2014,1751,2,0,0.5,35.29,10
2014-02-05,2014,1751,2,0.1,0.6,35.279,20
2014-02-05,2014,1751,2,0.2,0.7,35.266,30
2014-02-05,2014,1751,2,0.5,1,35.254,40
2014-02-05,2014,1751,2,1,0.9,35.235,50
2014-02-05,2014,1751,2,1.1,1,35.224,60
2014-02-05,2014,1751,2,2.3,1.3,35.221,75
2014-02-05,2014,1751,2,4,1.9,35.203,82
2014-03-18,2014,1792,3,0,0.7,35.432,0
2014-03-18,2014,1792,3,0,0.8,35.409,10
2014-03-18,2014,1792,3,0.2,0.8,35.388,20
2014-03-18,2014,1792,3,0.6,0.9,35.383,30
2014-03-18,2014,1792,3,0.7,0.9,35.378,40
2014-03-18,2014,1792,3,1.2,1,35.367,50
2014-04-08,2014,1813,4,0.5,0.6,35.482,0
2014-04-08,2014,1813,4,0.4,0.6,35.481,10
2014-04-08,2014,1813,4,0.4,0.6,35.481,20
2014-04-08,2014,1813,4,0.3,0.6,35.483,30
2014-04-08,2014,1813,4,0.3,0.6,35.483,40
2014-04-08,2014,1813,4,1.7,0.7,35.404,50
2014-04-08,2014,1813,4,4.1,1.2,35.383,60
2014-04-08,2014,1813,4,4.4,1.3,35.379,75
2014-04-08,2014,1813,4,5.8,1.8,35.306,85
2014-05-16,2014,1851,5,2.8,0.8,35.359,0
2014-05-16,2014,1851,5,2.6,0.8,35.36,10
2014-05-16,2014,1851,5,2.8,0.7,35.356,20
2014-05-16,2014,1851,5,2.7,0.8,35.357,30
2014-05-16,2014,1851,5,2.7,0.8,35.359,40
2014-05-16,2014,1851,5,2.9,0.8,35.358,50
2014-05-16,2014,1851,5,2.8,0.8,35.358,60
2014-05-16,2014,1851,5,2.8,0.8,35.358,75
2014-05-16,2014,1851,5,2.8,0.8,35.359,85
2014-06-19,2014,1885,6,3,0.7,35.333,0
2014-06-19,2014,1885,6,3,0.7,35.332,10
2014-06-19,2014,1885,6,2.9,0.7,35.33,20
2014-06-19,2014,1885,6,2.8,0.7,35.331,30
2014-06-19,2014,1885,6,2.7,0.7,35.334,40
2014-06-19,2014,1885,6,2.9,0.7,35.332,50
2014-06-19,2014,1885,6,2.8,0.7,35.332,60
2014-06-19,2014,1885,6,2.7,0.7,35.336,75
2014-06-19,2014,1885,6,2.8,0.7,35.336,85
2014-07-03,2014,1899,7,2.2,0.4,35.324,0
2014-07-03,2014,1899,7,2.2,0.4,35.327,10
2014-07-03,2014,1899,7,2.2,0.4,35.318,20
2014-07-03,2014,1899,7,2.1,0.3,35.317,30
2014-07-03,2014,1899,7,2.3,0.5,35.325,40
2014-07-03,2014,1899,7,2.3,0.5,35.326,50
2014-07-03,2014,1899,7,2.4,0.6,35.328,60
2014-07-03,2014,1899,7,2.7,0.7,35.326,75
2014-07-03,2014,1899,7,2.7,0.7,35.33,85
2014-08-07,2014,1934,8,2.2,0.5,35.323,0
2014-08-07,2014,1934,8,2.4,0.5,35.322,10
2014-08-07,2014,1934,8,2.4,0.5,35.329,20
2014-08-07,2014,1934,8,2.4,0.5,35.317,30
2014-08-07,2014,1934,8,2.4,0.5,35.318,40
2014-08-07,2014,1934,8,2.3,0.6,35.316,50
2014-08-07,2014,1934,8,2.5,0.6,35.32,60
2014-08-07,2014,1934,8,2.2,0.6,35.316,75
2014-08-07,2014,1934,8,2.5,0.5,35.311,85
2014-08-21,2014,1948,8,2.2,0.7,35.289,0
2014-08-21,2014,1948,8,2.3,0.7,35.294,10
2014-08-21,2014,1948,8,2.2,0.9,35.292,20
2014-08-21,2014,1948,8,2.1,0.8,35.297,30
2014-08-21,2014,1948,8,2.2,0.7,35.303,40
2014-08-21,2014,1948,8,2.2,0.7,35.298,50
2014-08-21,2014,1948,8,2.2,0.7,35.302,60
2014-08-21,2014,1948,8,2.2,0.6,35.301,75
2014-08-21,2014,1948,8,2,0.6,35.326,85
2014-09-15,2014,1973,9,2.1,0.6,35.298,0
2014-09-15,2014,1973,9,2.1,0.6,35.287,10
2014-09-15,2014,1973,9,2.1,0.7,35.291,20
2014-09-15,2014,1973,9,2.1,0.6,35.291,30
2014-09-15,2014,1973,9,2.1,0.6,35.289,40
2014-09-15,2014,1973,9,2,0.5,35.288,50
2014-09-15,2014,1973,9,1.9,0.5,35.288,60
2014-09-15,2014,1973,9,2,0.5,35.279,75
2014-09-15,2014,1973,9,2,0.6,35.279,85
2014-10-29,2014,2017,10,2.1,0.9,35.256,10
2014-10-29,2014,2017,10,2.2,0.9,35.251,20
2014-10-29,2014,2017,10,2.1,0.8,35.25,30
2014-10-29,2014,2017,10,2.1,0.8,35.251,40
2014-10-29,2014,2017,10,2.2,0.9,35.25,50
2014-10-29,2014,2017,10,2,0.8,35.245,60
2014-10-29,2014,2017,10,2.2,0.9,35.243,75
2014-10-29,2014,2017,10,2.2,0.9,35.245,85
2014-11-27,2014,2046,11,0.3,0,35.245,0
2014-11-27,2014,2046,11,0.3,0,35.242,10
2014-11-27,2014,2046,11,0.3,0,35.256,20
2014-11-27,2014,2046,11,0.3,0,35.242,30
2014-11-27,2014,2046,11,0.4,0,35.239,40
2014-11-27,2014,2046,11,1.8,0.4,35.21,50
2014-11-27,2014,2046,11,2.5,0.7,35.201,60
2014-11-27,2014,2046,11,3.7,1.2,35.191,75
2014-11-27,2014,2046,11,3.8,1.3,35.192,85
2014-12-08,2014,2057,12,0,0.3,35.29,0
2014-12-08,2014,2057,12,0,0.3,35.289,10
2014-12-08,2014,2057,12,0.5,0.5,35.246,20
2014-12-08,2014,2057,12,0.9,0.7,35.248,30
2014-12-08,2014,2057,12,2.8,1.3,35.227,40
2014-12-08,2014,2057,12,3,1.5,35.223,50
2014-12-08,2014,2057,12,2.7,1.4,35.226,60
2014-12-08,2014,2057,12,3.7,1.7,35.217,75
2014-12-08,2014,2057,12,4.1,1.9,35.217,85
2015-02-24,2015,2135,2,0,0.4,35.575,0
2015-02-24,2015,2135,2,0,0.4,35.575,10
2015-02-24,2015,2135,2,0,0.4,35.567,20
2015-02-24,2015,2135,2,0.4,0.8,35.53,30
2015-02-24,2015,2135,2,1.7,1,35.515,40
2015-02-24,2015,2135,2,3.5,1.6,35.475,50
2015-02-24,2015,2135,2,5.6,2.2,35.393,60
2015-02-24,2015,2135,2,7.9,2.9,35.336,75
2015-02-24,2015,2135,2,8.8,3.2,35.308,85
2015-03-12,2015,2151,3,0,0.3,35.577,0
2015-03-12,2015,2151,3,0.2,0.5,35.542,10
2015-03-12,2015,2151,3,0.2,0.5,35.538,20
2015-03-12,2015,2151,3,0.2,0.5,35.534,30
2015-03-12,2015,2151,3,0.3,0.5,35.523,40
2015-03-12,2015,2151,3,0.3,0.5,35.51,50
2015-03-12,2015,2151,3,0.4,0.5,35.527,60
2015-03-12,2015,2151,3,1.5,0.8,35.488,75
2015-03-12,2015,2151,3,1.8,0.8,35.483,85
2015-04-21,2015,2191,4,0.7,0.7,35.596,0
2015-04-21,2015,2191,4,0.7,0.8,35.598,10
2015-04-21,2015,2191,4,0.6,0.8,35.606,20
2015-04-21,2015,2191,4,0.5,0.6,35.613,30
2015-04-21,2015,2191,4,0.4,0.7,35.614,40
2015-04-21,2015,2191,4,0.5,0.7,35.617,50
2015-04-21,2015,2191,4,0.3,0.9,35.631,60
2015-04-21,2015,2191,4,0.2,0.9,35.645,75
2015-04-21,2015,2191,4,0.2,1,35.642,85
2015-05-26,2015,2226,5,3.2,1,35.357,0
2015-05-26,2015,2226,5,3.1,1,35.354,10
2015-05-26,2015,2226,5,3,1,35.33,20
2015-05-26,2015,2226,5,3.4,1,35.321,30
2015-05-26,2015,2226,5,3.4,1.1,35.31,40
2015-05-26,2015,2226,5,3.5,1.3,35.315,50
2015-05-26,2015,2226,5,3.5,1.6,35.311,60
2015-05-26,2015,2226,5,3.6,1.7,35.314,75
2015-05-26,2015,2226,5,3.5,1.7,35.313,85
2015-07-23,2015,2284,7,5.2,1.6,35.33,0
2015-07-23,2015,2284,7,5.2,1.5,35.329,10
2015-07-23,2015,2284,7,5.2,1.5,35.335,20
2015-07-23,2015,2284,7,5,1.5,35.338,30
2015-07-23,2015,2284,7,4.8,1.4,35.331,40
2015-07-23,2015,2284,7,4.6,1.5,35.323,50
2015-07-23,2015,2284,7,6,0.3,35.325,60
2015-07-23,2015,2284,7,4.5,0.2,35.323,75
2015-07-23,2015,2284,7,4.5,0.3,35.32,85
2015-08-11,2015,2303,8,4,1.5,35.272,0
2015-08-11,2015,2303,8,4.1,1.5,35.272,10
2015-08-11,2015,2303,8,4.1,1.4,35.272,20
2015-08-11,2015,2303,8,4.2,1.4,35.27,30
2015-08-11,2015,2303,8,4.1,1.4,35.279,40
2015-08-11,2015,2303,8,4.1,1.2,35.272,50
2015-08-11,2015,2303,8,4,1.5,35.272,60
2015-08-11,2015,2303,8,3.9,1.2,35.281,75
2015-08-11,2015,2303,8,2.7,0.8,35.296,85
2015-10-01,2015,2354,10,1.9,1,35.171,0
2015-10-01,2015,2354,10,1.9,1.9,35.168,10
2015-10-01,2015,2354,10,1.9,0.9,35.177,20
2015-10-01,2015,2354,10,2.1,1,35.166,30
2015-10-01,2015,2354,10,2.3,1.1,35.167,40
2015-10-01,2015,2354,10,2.2,1.1,35.167,50
2015-10-01,2015,2354,10,2.5,1.2,35.173,60
2015-10-01,2015,2354,10,1.9,1,35.164,75
2015-10-01,2015,2354,10,2.1,1.4,35.168,85
2015-11-18,2015,2402,11,0.1,0.2,35.437,0
2015-11-18,2015,2402,11,0.1,0.5,35.358,10
2015-11-18,2015,2402,11,0.6,0.7,35.345,20
2015-11-18,2015,2402,11,2.5,1.4,35.396,30
2015-11-18,2015,2402,11,3.8,2.1,35.426,40
2015-11-18,2015,2402,11,8.4,3.5,35.267,50
2015-11-18,2015,2402,11,8.6,3.1,35.255,60
2015-11-18,2015,2402,11,9.1,4.1,35.236,75
2015-11-18,2015,2402,11,8.8,6,35.243,85
2015-12-16,2015,2430,12,0.1,0,35.538,0
2015-12-16,2015,2430,12,0.1,0,35.545,10
2015-12-16,2015,2430,12,0.1,0,35.547,20
2015-12-16,2015,2430,12,0.3,2.4,35.493,30
2015-12-16,2015,2430,12,0.3,2.5,35.407,40
2015-12-16,2015,2430,12,0.3,2.9,35.376,50
2015-12-16,2015,2430,12,0.3,3.9,35.349,60
2015-12-16,2015,2430,12,0.5,5.7,35.302,75
2015-12-16,2015,2430,12,0.5,6.1,35.297,85
2016-02-09,2016,2485,2,0,0,35.34,0
2016-02-09,2016,2485,2,0,0,35.344,10
2016-02-09,2016,2485,2,0.1,0.2,35.39,20
2016-02-09,2016,2485,2,0.5,6.9,35.423,30
2016-02-09,2016,2485,2,0.6,8.1,35.384,40
2016-02-09,2016,2485,2,0.7,9.7,35.313,50
2016-02-09,2016,2485,2,0.8,11.2,35.221,60
2016-02-09,2016,2485,2,0.9,12,35.186,75
2016-02-09,2016,2485,2,0.7,12,35.184,85
2016-03-03,2016,2508,3,0.1,0,35.604,0
2016-03-03,2016,2508,3,0.1,0,35.594,10
2016-03-03,2016,2508,3,0.1,0,35.584,20
2016-03-03,2016,2508,3,0.1,0.1,35.581,30
2016-03-03,2016,2508,3,0.1,0.3,35.573,40
2016-03-03,2016,2508,3,0.1,0.5,35.571,50
2016-03-03,2016,2508,3,0.2,1.1,35.568,60
2016-03-03,2016,2508,3,0.3,3.3,35.526,75
2016-03-03,2016,2508,3,0.5,6.1,35.476,85
2016-03-21,2016,2526,3,0.1,0.2,35.641,0
2016-03-21,2016,2526,3,0.1,0.2,35.639,10
2016-03-21,2016,2526,3,0.2,1.1,35.601,20
2016-03-21,2016,2526,3,0.2,1.4,35.617,30
2016-03-21,2016,2526,3,0.2,1.7,35.612,40
2016-03-21,2016,2526,3,0.3,2.7,35.59,50
2016-03-21,2016,2526,3,0.3,3,35.582,60
2016-03-21,2016,2526,3,0.4,4.5,35.555,75
2016-03-21,2016,2526,3,0.4,4.6,35.549,85
2016-04-28,2016,2564,4,0.2,0.5,35.638,0
2016-04-28,2016,2564,4,0.2,0.5,35.637,10
2016-04-28,2016,2564,4,0.2,0.5,35.636,20
2016-04-28,2016,2564,4,0.2,0.7,35.63,30
2016-04-28,2016,2564,4,0.2,1.2,35.591,40
2016-04-28,2016,2564,4,0.3,2.4,35.562,50
2016-04-28,2016,2564,4,0.5,6.4,35.453,60
2016-04-28,2016,2564,4,0.7,8.6,35.376,75
2016-04-28,2016,2564,4,0.7,8.6,35.375,85
2016-05-30,2016,2596,5,2.3,1.2,35.46,0
2016-05-30,2016,2596,5,2.3,1.2,35.467,10
2016-05-30,2016,2596,5,2.3,1.2,35.465,20
2016-05-30,2016,2596,5,2.3,1.2,35.464,30
2016-05-30,2016,2596,5,2.2,1.3,35.465,40
2016-05-30,2016,2596,5,2.1,1.2,35.482,50
2016-05-30,2016,2596,5,2,1.5,35.538,60
2016-05-30,2016,2596,5,2,1.7,35.549,75
2016-05-30,2016,2596,5,2,1.7,35.55,85
2016-06-30,2016,2627,6,3.5,1.3,35.284,0
2016-06-30,2016,2627,6,3.5,1.3,35.284,10
2016-06-30,2016,2627,6,3.5,1.3,35.285,20
2016-06-30,2016,2627,6,3.5,1.3,35.286,30
2016-06-30,2016,2627,6,3.6,1.3,35.286,40
2016-06-30,2016,2627,6,3.6,1.3,35.286,50
2016-06-30,2016,2627,6,3.6,1.4,35.291,60
2016-06-30,2016,2627,6,3.6,1.5,35.288,75
2016-06-30,2016,2627,6,3.7,1.5,35.288,85
2016-07-20,2016,2647,7,3.6,1.1,35.231,0
2016-07-20,2016,2647,7,3.6,1,35.232,10
2016-07-20,2016,2647,7,3.6,1,35.231,20
2016-07-20,2016,2647,7,3.6,1,35.231,30
2016-07-20,2016,2647,7,3.6,1,35.232,40
2016-07-20,2016,2647,7,3.6,1,35.232,50
2016-07-20,2016,2647,7,3.6,1,35.231,60
2016-07-20,2016,2647,7,3.6,1.1,35.231,75
2016-07-20,2016,2647,7,3.6,1.2,35.233,85
2016-08-31,2016,2689,8,2.8,0.7,35.211,0
2016-08-31,2016,2689,8,2.8,0.7,35.21,10
2016-08-31,2016,2689,8,3,0.7,35.214,20
2016-08-31,2016,2689,8,3.3,0.9,35.22,30
2016-08-31,2016,2689,8,3.7,1.1,35.229,40
2016-08-31,2016,2689,8,3.7,1.1,35.229,50
2016-08-31,2016,2689,8,3.5,0.9,35.221,60
2016-08-31,2016,2689,8,2.7,0.6,35.229,75
2016-08-31,2016,2689,8,2.7,0.6,35.23,85
2016-09-27,2016,2716,9,0,0.2,35.11,0
2016-09-27,2016,2716,9,0,0.2,35.139,10
2016-09-27,2016,2716,9,0.3,0.2,35.142,20
2016-09-27,2016,2716,9,1.7,0.4,35.126,30
2016-09-27,2016,2716,9,3.1,0.8,35.15,40
2016-09-27,2016,2716,9,3.2,1,35.169,50
2016-09-27,2016,2716,9,3.1,1,35.17,60
2016-09-27,2016,2716,9,3.1,1,35.17,75
2016-09-27,2016,2716,9,3.1,1.1,35.171,85
2016-11-17,2016,2767,11,0.9,0.4,35.113,0
2016-11-17,2016,2767,11,0.9,0.4,35.112,10
2016-11-17,2016,2767,11,0.8,0.3,35.105,20
2016-11-17,2016,2767,11,1.2,0.4,35.086,30
2016-11-17,2016,2767,11,1.5,0.5,35.075,40
2016-11-17,2016,2767,11,1.8,0.5,35.075,50
2016-11-17,2016,2767,11,3,1.3,35.073,60
2016-11-17,2016,2767,11,3.9,1.8,35.072,75
2016-11-17,2016,2767,11,2.9,1.2,35.071,85
2017-01-04,2017,2815,1,0,0,35.189,0
2017-01-04,2017,2815,1,0,0,35.184,10
2017-01-04,2017,2815,1,0,0,35.206,20
2017-01-04,2017,2815,1,0,0,35.208,30
2017-01-04,2017,2815,1,0.8,0.3,35.212,40
2017-01-04,2017,2815,1,2.4,0.6,35.257,50
2017-01-04,2017,2815,1,3,0.9,35.263,60
2017-01-04,2017,2815,1,4.9,2,35.261,75
2017-01-04,2017,2815,1,5,2,35.265,85
2017-02-23,2017,2865,2,0.1,0.6,35.344,0
2017-02-23,2017,2865,2,0.8,0.8,35.36,10
2017-02-23,2017,2865,2,1.3,0.9,35.451,20
2017-02-23,2017,2865,2,2,1.2,35.471,30
2017-02-23,2017,2865,2,2.4,1.3,35.481,40
2017-02-23,2017,2865,2,2.8,1.5,35.494,50
2017-02-23,2017,2865,2,3,1.2,35.494,60
2017-02-23,2017,2865,2,8.2,3.2,35.504,75
2017-02-23,2017,2865,2,9.1,3.6,35.539,85
2017-03-23,2017,2893,3,0.4,0.8,35.57,0
2017-03-23,2017,2893,3,0.4,0.8,35.566,10
2017-03-23,2017,2893,3,0.4,0.8,35.563,20
2017-03-23,2017,2893,3,0.5,0.8,35.557,30
2017-03-23,2017,2893,3,0.5,0.8,35.555,40
2017-03-23,2017,2893,3,1.8,1,35.507,50
2017-03-23,2017,2893,3,3.4,1.2,35.453,60
2017-03-23,2017,2893,3,7.7,2.8,35.348,75
2017-03-23,2017,2893,3,7.7,2.7,35.304,85
2017-04-12,2017,2913,4,6.6,2.2,35.426,0
2017-04-12,2017,2913,4,6.6,2.3,35.423,10
2017-04-12,2017,2913,4,5.6,2,35.422,20
2017-04-12,2017,2913,4,4.6,1.7,35.422,30
2017-04-12,2017,2913,4,0.7,0.4,35.415,40
2017-04-12,2017,2913,4,1.3,0.8,35.407,50
2017-04-12,2017,2913,4,1.3,0.7,35.396,60
2017-04-12,2017,2913,4,1.5,0.8,35.404,75
2017-04-12,2017,2913,4,2.9,1.5,35.394,85
2017-06-01,2017,2963,6,3.8,1.2,35.27,0
2017-06-01,2017,2963,6,3.8,1.2,35.269,10
2017-06-01,2017,2963,6,3.8,1.2,35.269,20
2017-06-01,2017,2963,6,3.9,1.2,35.269,30
2017-06-01,2017,2963,6,3.8,1.1,35.269,40
2017-06-01,2017,2963,6,3.8,1.2,35.269,50
2017-06-01,2017,2963,6,3.8,1.1,35.269,60
2017-06-01,2017,2963,6,3.8,1.2,35.274,75
2017-06-01,2017,2963,6,3.9,1.2,35.278,85
2017-06-26,2017,2988,6,3.5,0.9,35.268,0
2017-06-26,2017,2988,6,3.5,0.8,35.267,10
2017-06-26,2017,2988,6,3.5,0.8,35.267,20
2017-06-26,2017,2988,6,3.5,0.8,35.267,30
2017-06-26,2017,2988,6,3.5,0.8,35.268,40
2017-06-26,2017,2988,6,3.5,0.8,35.269,50
2017-06-26,2017,2988,6,3.5,0.8,35.268,60
2017-06-26,2017,2988,6,3.7,1,35.275,75
2017-06-26,2017,2988,6,3.7,1,35.279,85
2017-08-01,2017,3024,8,3.8,0.9,35.239,0
2017-08-01,2017,3024,8,3.9,0.8,35.234,10
2017-08-01,2017,3024,8,3.9,0.8,35.235,20
2017-08-01,2017,3024,8,3.9,0.9,35.234,30
2017-08-01,2017,3024,8,3.9,1,35.233,40
2017-08-01,2017,3024,8,3.9,1,35.234,50
2017-08-01,2017,3024,8,3.9,0.9,35.235,60
2017-08-01,2017,3024,8,3.9,0.9,35.236,75
2017-08-01,2017,3024,8,3.8,1,35.25,85
2017-09-21,2017,3075,9,3.1,1,35.242,0
2017-09-21,2017,3075,9,3.3,1,35.234,10
2017-09-21,2017,3075,9,3.4,1,35.233,20
2017-09-21,2017,3075,9,3.3,0.9,35.239,30
2017-09-21,2017,3075,9,3.3,1,35.238,40
2017-09-21,2017,3075,9,3.1,0.9,35.239,50
2017-09-21,2017,3075,9,3.1,0.8,35.237,60
2017-09-21,2017,3075,9,2.7,0.8,35.251,75
2017-09-21,2017,3075,9,2.3,0.8,35.26,85
2017-11-23,2017,3138,11,0,0.8,35.171,0
2017-11-23,2017,3138,11,0,0.8,35.169,10
2017-11-23,2017,3138,11,2.7,1.3,35.177,20
2017-11-23,2017,3138,11,5.7,1.7,35.236,30
2017-11-23,2017,3138,11,6.7,1.8,35.15,40
2017-11-23,2017,3138,11,8.9,2.7,35.099,50
2017-11-23,2017,3138,11,9.2,2.9,35.09,60
2017-11-23,2017,3138,11,9.5,3.2,35.089,75
2017-11-23,2017,3138,11,9.6,3.3,35.088,85
2017-12-17,2017,3162,12,0,0.4,35.47,0
2017-12-17,2017,3162,12,0,0.3,35.468,10
2017-12-17,2017,3162,12,0,0.3,35.459,20
2017-12-17,2017,3162,12,0.8,0.4,35.43,30
2017-12-17,2017,3162,12,2.5,1,35.384,40
2017-12-17,2017,3162,12,3.9,1.5,35.304,50
2017-12-17,2017,3162,12,7.2,2.7,35.22,60
2017-12-17,2017,3162,12,8.4,3.2,35.218,75
2017-12-17,2017,3162,12,8.4,3.3,35.221,85
2018-01-16,2018,3192,1,0.2,0.4,35.366,0
2018-01-16,2018,3192,1,0.2,0.4,35.346,10
2018-01-16,2018,3192,1,0.4,0.5,35.339,20
2018-01-16,2018,3192,1,0.7,0.5,35.344,30
2018-01-16,2018,3192,1,0.7,0.5,35.342,40
2018-01-16,2018,3192,1,0.8,0.5,35.331,50
2018-01-16,2018,3192,1,0.7,0.5,35.341,60
2018-01-16,2018,3192,1,0.7,0.5,35.336,75
2018-01-16,2018,3192,1,0.9,0.5,35.331,85
2018-03-01,2018,3236,3,0,0,35.561,0
2018-03-01,2018,3236,3,0,0,35.561,10
2018-03-01,2018,3236,3,0,0,35.542,20
2018-03-01,2018,3236,3,0,0,35.535,30
2018-03-01,2018,3236,3,0.7,0.2,35.512,40
2018-03-01,2018,3236,3,1.1,0.4,35.504,50
2018-03-01,2018,3236,3,1.8,0.6,35.484,60
2018-03-01,2018,3236,3,5.9,2.1,35.381,75
2018-03-01,2018,3236,3,6.7,2.5,35.362,85
2018-03-15,2018,3250,3,0,0.4,35.716,0
2018-03-15,2018,3250,3,0,0.4,35.712,10
2018-03-15,2018,3250,3,0,0.4,35.693,20
2018-03-15,2018,3250,3,0,0.4,35.677,30
2018-03-15,2018,3250,3,0,0.4,35.674,40
2018-03-15,2018,3250,3,0,0.4,35.672,50
2018-03-15,2018,3250,3,0.1,0.4,35.668,60
2018-03-15,2018,3250,3,4.9,2,35.459,75
2018-03-15,2018,3250,3,5.5,2.2,35.443,85
2018-04-18,2018,3284,4,2.2,0.9,35.447,0
2018-04-18,2018,3284,4,2.2,0.9,35.449,10
2018-04-18,2018,3284,4,2.1,0.9,35.455,20
2018-04-18,2018,3284,4,2,0.9,35.474,30
2018-04-18,2018,3284,4,1.8,0.9,35.501,40
2018-04-18,2018,3284,4,1.3,0.7,35.547,50
2018-04-18,2018,3284,4,0.9,0.8,35.576,60
2018-04-18,2018,3284,4,0.9,0.8,35.58,75
2018-04-18,2018,3284,4,0.8,0.8,35.588,85
2018-06-05,2018,3332,6,2.9,1.1,35.504,0
2018-06-05,2018,3332,6,2.9,1.1,35.505,10
2018-06-05,2018,3332,6,2.9,1.1,35.505,20
2018-06-05,2018,3332,6,2.9,1.1,35.506,30
2018-06-05,2018,3332,6,2.9,1.1,35.508,40
2018-06-05,2018,3332,6,2.9,1.1,35.517,50
2018-06-05,2018,3332,6,2.5,1.1,35.563,60
2018-06-05,2018,3332,6,2.1,1,35.575,75
2018-06-05,2018,3332,6,1.9,1.2,35.56,85
2018-06-27,2018,3354,6,2.6,0.7,35.324,0
2018-06-27,2018,3354,6,2.7,0.7,35.323,10
2018-06-27,2018,3354,6,2.7,0.6,35.323,20
2018-06-27,2018,3354,6,2.9,0.7,35.324,30
2018-06-27,2018,3354,6,3.1,0.7,35.325,40
2018-06-27,2018,3354,6,2.9,0.8,35.327,50
2018-06-27,2018,3354,6,2.9,0.8,35.334,60
2018-06-27,2018,3354,6,3.1,0.8,35.332,75
2018-06-27,2018,3354,6,3.1,0.8,35.332,85
2018-07-11,2018,3368,7,3.6,0.8,35.291,0
2018-07-11,2018,3368,7,3.6,0.9,35.293,10
2018-07-11,2018,3368,7,3.6,0.9,35.292,20
2018-07-11,2018,3368,7,3.6,0.9,35.294,30
2018-07-11,2018,3368,7,3.6,0.9,35.296,40
2018-07-11,2018,3368,7,3.6,1,35.303,50
2018-07-11,2018,3368,7,3.6,0.9,35.312,60
2018-07-11,2018,3368,7,3.4,0.8,35.325,75
2018-07-11,2018,3368,7,3.3,0.9,35.326,85
2018-09-19,2018,3438,9,3.3,0.6,35.195,0
2018-09-19,2018,3438,9,3.3,0.6,35.191,10
2018-09-19,2018,3438,9,3.3,0.6,35.194,20
2018-09-19,2018,3438,9,3.4,0.6,35.19,30
2018-09-19,2018,3438,9,3.4,0.6,35.192,40
2018-09-19,2018,3438,9,3.4,0.7,35.191,50
2018-09-19,2018,3438,9,3.1,0.6,35.196,60
2018-09-19,2018,3438,9,2.4,0.5,35.197,75
2018-09-19,2018,3438,9,2.4,0.5,35.199,85
2018-10-18,2018,3467,10,0,0,35.229,0
2018-10-18,2018,3467,10,0.2,0,35.226,10
2018-10-18,2018,3467,10,1.6,0.5,35.226,20
2018-10-18,2018,3467,10,1.8,0.6,35.225,30
2018-10-18,2018,3467,10,2,0.8,35.225,40
2018-10-18,2018,3467,10,2.3,0.9,35.224,50
2018-10-18,2018,3467,10,2.9,1,35.223,60
2018-10-18,2018,3467,10,3.3,1.3,35.22,75
2018-10-18,2018,3467,10,3.5,1.5,35.223,85
2018-12-04,2018,3514,12,0,0,35.416,0
2018-12-04,2018,3514,12,0,0.2,35.412,10
2018-12-04,2018,3514,12,0.4,0.5,35.354,20
2018-12-04,2018,3514,12,0.2,0.5,35.29,30
2018-12-04,2018,3514,12,0.2,0.6,35.289,40
2018-12-04,2018,3514,12,0.2,0.6,35.276,50
2018-12-04,2018,3514,12,0.5,0.7,35.258,60
2018-12-04,2018,3514,12,2,1,35.241,75
2018-12-04,2018,3514,12,6.4,2.4,35.233,85
2019-01-06,2019,3547,1,0,0.2,35.379,0
2019-01-06,2019,3547,1,0,0.2,35.38,10
2019-01-06,2019,3547,1,0,0.2,35.38,20
2019-01-06,2019,3547,1,0,0.2,35.333,30
2019-01-06,2019,3547,1,0.2,0.2,35.394,40
2019-01-06,2019,3547,1,0.3,0.3,35.327,50
2019-01-06,2019,3547,1,2.9,1,35.239,60
2019-01-06,2019,3547,1,5.5,2,35.219,75
2019-01-06,2019,3547,1,5.5,2,35.219,85
2019-03-20,2019,3620,3,0,0.3,35.444,0
2019-03-20,2019,3620,3,0,0.3,35.437,10
2019-03-20,2019,3620,3,0,0.4,35.43,20
2019-03-20,2019,3620,3,0,0.3,35.393,30
2019-03-20,2019,3620,3,0.2,0.4,35.39,40
2019-03-20,2019,3620,3,0.4,0.4,35.378,50
2019-03-20,2019,3620,3,3.9,1.8,35.314,60
2019-03-20,2019,3620,3,5.1,2.2,35.299,75
2019-03-20,2019,3620,3,7.1,3,35.286,85
2019-04-30,2019,3661,4,1.1,0.7,35.399,0
2019-04-30,2019,3661,4,1.1,0.7,35.399,10
2019-04-30,2019,3661,4,1.1,0.7,35.398,20
2019-04-30,2019,3661,4,1.1,0.7,35.4,30
2019-04-30,2019,3661,4,1.1,0.7,35.4,40
2019-04-30,2019,3661,4,1,0.7,35.41,50
2019-04-30,2019,3661,4,1,0.7,35.408,60
2019-04-30,2019,3661,4,0.9,0.7,35.422,75
2019-04-30,2019,3661,4,0.8,0.7,35.439,85
2019-06-24,2019,3716,6,3,0.9,35.361,0
2019-06-24,2019,3716,6,3,0.9,35.36,10
2019-06-24,2019,3716,6,3,0.9,35.365,20
2019-06-24,2019,3716,6,2.9,0.9,35.367,30
2019-06-24,2019,3716,6,2.9,0.8,35.364,40
2019-06-24,2019,3716,6,2.9,0.9,35.364,50
2019-06-24,2019,3716,6,2.9,0.9,35.367,60
2019-06-24,2019,3716,6,2.9,0.9,35.369,75
2019-06-24,2019,3716,6,2.9,1,35.382,85
2019-07-31,2019,3753,7,2.9,1.1,35.295,0
2019-07-31,2019,3753,7,2.9,1,35.293,10
2019-07-31,2019,3753,7,2.9,1.1,35.293,20
2019-07-31,2019,3753,7,2.9,1.1,35.295,30
2019-07-31,2019,3753,7,2.9,1.1,35.297,40
2019-07-31,2019,3753,7,2.8,1,35.316,50
2019-07-31,2019,3753,7,2.8,1,35.325,60
2019-07-31,2019,3753,7,2.8,1,35.333,75
2019-07-31,2019,3753,7,2.8,1,35.334,85
2019-08-28,2019,3781,8,4.3,1.3,35.171,0
2019-08-28,2019,3781,8,4.9,1.4,35.174,10
2019-08-28,2019,3781,8,5.1,1.5,35.173,20
2019-08-28,2019,3781,8,5.1,1.5,35.173,30
2019-08-28,2019,3781,8,5.1,1.5,35.172,40
2019-08-28,2019,3781,8,5.1,1.5,35.174,50
2019-08-28,2019,3781,8,3.9,1.2,35.174,60
2019-08-28,2019,3781,8,3.7,1.1,35.171,75
2019-08-28,2019,3781,8,3.6,1.1,35.17,85
2019-09-25,2019,3809,9,2.8,0.4,35.085,0
2019-09-25,2019,3809,9,2.9,0.4,35.078,10
2019-09-25,2019,3809,9,3.3,0.4,35.086,20
2019-09-25,2019,3809,9,3.3,0.4,35.112,30
2019-09-25,2019,3809,9,3.4,0.4,35.133,40
2019-09-25,2019,3809,9,3.4,0.3,35.136,50
2019-09-25,2019,3809,9,3.1,0.4,35.139,60
2019-09-25,2019,3809,9,3.1,0.3,35.14,75
2019-09-25,2019,3809,9,3.1,0.3,35.139,85
2019-10-15,2019,3829,10,2.5,1.3,35.288,0
2019-10-15,2019,3829,10,2.6,1.3,35.287,10
2019-10-15,2019,3829,10,2.6,1.3,35.289,20
2019-10-15,2019,3829,10,3,1.3,35.294,30
2019-10-15,2019,3829,10,3.5,1.5,35.271,40
2019-10-15,2019,3829,10,4.3,1.9,35.221,50
2019-10-15,2019,3829,10,4,1.8,35.216,60
2019-10-15,2019,3829,10,4,2,35.215,75
2019-10-15,2019,3829,10,2.3,1.6,35.186,85
2019-11-21,2019,3866,11,0.4,0,35.071,0
2019-11-21,2019,3866,11,0.6,0,35.067,10
2019-11-21,2019,3866,11,1.3,0.2,35.068,20
2019-11-21,2019,3866,11,4.1,1,35.068,30
2019-11-21,2019,3866,11,4.8,1.4,35.12,40
2019-11-21,2019,3866,11,5,1.5,35.128,50
2019-11-21,2019,3866,11,5.1,1.6,35.128,60
2019-11-21,2019,3866,11,5.1,1.6,35.131,75
2019-12-10,2019,3885,12,0.4,0.2,35.099,0
2019-12-10,2019,3885,12,0.6,0.3,35.09,10
2019-12-10,2019,3885,12,0.9,0.4,35.092,20
2019-12-10,2019,3885,12,1,0.4,35.091,30
2019-12-10,2019,3885,12,1.5,0.5,35.084,40
2019-12-10,2019,3885,12,2.1,0.8,35.082,50
2019-12-10,2019,3885,12,3.9,1.5,35.075,60
2019-12-10,2019,3885,12,4,1.5,35.076,75
2019-12-10,2019,3885,12,4,1.6,35.076,85
2020-01-06,2020,3912,1,0,0.3,35.127,0
2020-01-06,2020,3912,1,0,0.2,35.122,10
2020-01-06,2020,3912,1,0,0.2,35.257,20
2020-01-06,2020,3912,1,0,0.2,35.231,30
2020-01-06,2020,3912,1,0.9,0.5,35.021,40
2020-01-06,2020,3912,1,1.6,0.8,35.013,50
2020-01-06,2020,3912,1,2.4,1.3,35.023,60
2020-01-06,2020,3912,1,3.1,2.4,35.02,75
2020-01-06,2020,3912,1,2.9,2.2,35.02,85
2020-02-23,2020,3960,2,0,0.2,35.576,0
2020-02-23,2020,3960,2,0,0.2,35.577,10
2020-02-23,2020,3960,2,0,0.2,35.583,30
2020-02-23,2020,3960,2,0,0.3,35.567,40
2020-02-23,2020,3960,2,1.4,0.7,35.507,50
2020-02-23,2020,3960,2,5.6,2.2,35.327,60
2020-02-23,2020,3960,2,7.9,3.3,35.306,75
2020-02-23,2020,3960,2,8.3,3.5,35.313,85
2020-05-26,2020,4053,5,4.1,1.3,35.112,0
2020-05-26,2020,4053,5,4.1,1.3,35.112,10
2020-05-26,2020,4053,5,4.1,1.3,35.112,20
2020-05-26,2020,4053,5,4.1,1.3,35.118,30
2020-05-26,2020,4053,5,4.1,1.3,35.117,40
2020-05-26,2020,4053,5,4.1,1.3,35.12,50
2020-05-26,2020,4053,5,4.1,1.3,35.116,60
2020-05-26,2020,4053,5,4.1,1.3,35.116,75
2020-05-26,2020,4053,5,4.2,1.3,35.115,85
2020-06-28,2020,4086,6,3.6,1.2,35.25,0
2020-06-28,2020,4086,6,3.6,1.2,35.248,10
2020-06-28,2020,4086,6,3.5,1.3,35.225,20
2020-06-28,2020,4086,6,3.5,1.3,35.223,30
2020-06-28,2020,4086,6,3.6,1.3,35.222,40
2020-06-28,2020,4086,6,3.6,1.3,35.22,50
2020-06-28,2020,4086,6,3.6,1.4,35.181,60
2020-06-28,2020,4086,6,4.1,1.7,35.192,75
2020-06-28,2020,4086,6,4.1,1.7,35.192,85
2020-08-10,2020,4129,8,4.7,1.5,35.338,0
2020-08-10,2020,4129,8,4.7,1.5,35.337,10
2020-08-10,2020,4129,8,4.7,1.5,35.337,20
2020-08-10,2020,4129,8,4.7,1.5,35.337,30
2020-08-10,2020,4129,8,4.7,1.5,35.337,40
2020-08-10,2020,4129,8,4.6,1.4,35.292,50
2020-08-10,2020,4129,8,3.8,1.3,35.275,60
2020-08-10,2020,4129,8,3.5,1.5,35.26,75
2020-08-10,2020,4129,8,3.5,1.5,35.259,85
2020-09-09,2020,4159,9,3.8,1.5,35.257,0
2020-09-09,2020,4159,9,3.8,1.4,35.255,10
2020-09-09,2020,4159,9,3.8,1.5,35.256,20
2020-09-09,2020,4159,9,3.8,1.5,35.254,30
2020-09-09,2020,4159,9,3.8,1.5,35.253,40
2020-09-09,2020,4159,9,3.8,1.5,35.253,50
2020-09-09,2020,4159,9,3.9,1.5,35.256,60
2020-09-09,2020,4159,9,3.9,1.5,35.254,75
2020-09-09,2020,4159,9,3.9,1.5,35.253,85
2020-09-28,2020,4178,9,1.8,0.3,35.193,0
2020-09-28,2020,4178,9,1.8,0.3,35.191,10
2020-09-28,2020,4178,9,1.9,0.2,35.192,20
2020-09-28,2020,4178,9,2,0.3,35.191,30
2020-09-28,2020,4178,9,2.1,0.3,35.192,40
2020-09-28,2020,4178,9,2.2,0.3,35.192,50
2020-09-28,2020,4178,9,2.1,0.3,35.204,60
2020-09-28,2020,4178,9,1.5,0.3,35.236,75
2020-09-28,2020,4178,9,1.5,0.3,35.238,85
2020-10-20,2020,4200,10,0.9,0.5,35.158,0
2020-10-20,2020,4200,10,1.4,0.6,35.158,10
2020-10-20,2020,4200,10,1.5,0.6,35.157,20
2020-10-20,2020,4200,10,1.5,0.6,35.157,30
2020-10-20,2020,4200,10,1.5,0.6,35.159,40
2020-10-20,2020,4200,10,1.6,0.6,35.159,50
2020-10-20,2020,4200,10,1.6,0.6,35.16,60
2020-10-20,2020,4200,10,3.9,1.5,35.172,75
2020-10-20,2020,4200,10,4.2,1.6,35.172,85
2020-11-18,2020,4229,11,0,0.4,35.147,0
2020-11-18,2020,4229,11,0,0.5,35.142,10
2020-11-18,2020,4229,11,0,0.5,35.139,20
2020-11-18,2020,4229,11,0,0.5,35.136,30
2020-11-18,2020,4229,11,0.6,0.7,35.154,40
2020-11-18,2020,4229,11,1.6,0.9,35.163,50
2020-11-18,2020,4229,11,4,1.9,35.175,60
2020-11-18,2020,4229,11,6.4,2.3,35.16,75
2020-11-18,2020,4229,11,6.8,2.3,35.163,85
2021-01-06,2021,4278,1,0,1.2,35.394,0
2021-01-06,2021,4278,1,0,1.2,35.384,10
2021-01-06,2021,4278,1,3,1.6,35.247,20
2021-01-06,2021,4278,1,4.3,1.9,35.21,30
2021-01-06,2021,4278,1,6.3,2.5,35.229,40
2021-01-06,2021,4278,1,7.7,2.9,35.284,50
2021-01-06,2021,4278,1,8,3,35.315,60
2021-01-06,2021,4278,1,8.8,3.3,35.336,75
2021-01-06,2021,4278,1,9.1,3.3,35.324,85
2021-02-15,2021,4318,2,0,0.9,35.524,0
2021-02-15,2021,4318,2,0,0.9,35.522,10
2021-02-15,2021,4318,2,0,0.9,35.522,20
2021-02-15,2021,4318,2,1.2,1,35.499,30
2021-02-15,2021,4318,2,3.2,1.6,35.467,40
2021-02-15,2021,4318,2,5.6,2.5,35.419,50
2021-02-15,2021,4318,2,8.6,3.6,35.348,60
2021-02-15,2021,4318,2,9.9,4,35.34,75
2021-02-15,2021,4318,2,10,4.1,35.34,85
2021-03-29,2021,4360,3,0.6,0.7,35.604,0
2021-03-29,2021,4360,3,0.7,0.9,35.597,10
2021-03-29,2021,4360,3,0.9,0.9,35.593,20
2021-03-29,2021,4360,3,1.3,1.1,35.573,30
2021-03-29,2021,4360,3,1.9,1.3,35.546,40
2021-03-29,2021,4360,3,2.1,1.3,35.53,50
2021-03-29,2021,4360,3,2.5,1.5,35.524,60
2021-03-29,2021,4360,3,3.1,1.7,35.514,75
2021-03-29,2021,4360,3,3.4,1.9,35.507,85
2021-04-28,2021,4390,4,2,1.2,35.547,0
2021-04-28,2021,4390,4,2,1.2,35.546,10
2021-04-28,2021,4390,4,2,1.2,35.544,20
2021-04-28,2021,4390,4,2,1.2,35.543,30
2021-04-28,2021,4390,4,2.1,1.3,35.541,40
2021-04-28,2021,4390,4,2.2,1.4,35.535,50
2021-04-28,2021,4390,4,2,1.3,35.541,60
2021-04-28,2021,4390,4,1.8,1.4,35.558,75
2021-04-28,2021,4390,4,1.7,1.5,35.574,85
2021-05-31,2021,4423,5,3.3,1.2,35.358,0
2021-05-31,2021,4423,5,3.3,1.1,35.357,10
2021-05-31,2021,4423,5,3.3,1.2,35.357,20
2021-05-31,2021,4423,5,3.3,1.2,35.357,30
2021-05-31,2021,4423,5,3.2,1.2,35.358,40
2021-05-31,2021,4423,5,3.2,1.2,35.358,50
2021-05-31,2021,4423,5,3.2,1.2,35.348,60
2021-05-31,2021,4423,5,3.2,1.2,35.353,75
2021-05-31,2021,4423,5,3.2,1.5,35.44,85
2021-06-25,2021,4448,6,3.5,1.1,35.278,0
2021-06-25,2021,4448,6,3.5,1.1,35.277,10
2021-06-25,2021,4448,6,3.5,1.1,35.278,20
2021-06-25,2021,4448,6,3.6,1.1,35.279,30
2021-06-25,2021,4448,6,3.6,1.2,35.28,40
2021-06-25,2021,4448,6,3.6,1.2,35.282,50
2021-06-25,2021,4448,6,3.7,1.3,35.284,60
2021-06-25,2021,4448,6,3.8,1.3,35.287,75
2021-06-25,2021,4448,6,3.8,1.4,35.288,85
2021-08-09,2021,4493,8,4,1.1,35.274,0
2021-08-09,2021,4493,8,4,1.1,35.271,10
2021-08-09,2021,4493,8,4,1.1,35.269,20
2021-08-09,2021,4493,8,4,1.2,35.269,30
2021-08-09,2021,4493,8,4,1.1,35.268,40
2021-08-09,2021,4493,8,4,1.1,35.269,50
2021-08-09,2021,4493,8,4,1.1,35.27,60
2021-08-09,2021,4493,8,4,1.1,35.27,75
2021-08-09,2021,4493,8,4,1.1,35.27,85
2021-08-31,2021,4515,8,3,1,35.3,0
2021-08-31,2021,4515,8,3,1,35.298,10
2021-08-31,2021,4515,8,3,0.9,35.297,20
2021-08-31,2021,4515,8,3,0.9,35.297,30
2021-08-31,2021,4515,8,3,0.9,35.296,40
2021-08-31,2021,4515,8,3,0.9,35.296,50
2021-08-31,2021,4515,8,2.9,0.9,35.292,60
2021-08-31,2021,4515,8,3,0.9,35.298,75
2021-08-31,2021,4515,8,2.9,0.9,35.298,85
2021-09-16,2021,4531,9,3.4,1,35.25,0
2021-09-16,2021,4531,9,3.4,1,35.247,10
2021-09-16,2021,4531,9,3.4,1,35.247,20
2021-09-16,2021,4531,9,3.5,1,35.248,30
2021-09-16,2021,4531,9,3.7,1.1,35.247,40
2021-09-16,2021,4531,9,4,1.2,35.249,50
2021-09-16,2021,4531,9,4.1,1.2,35.249,60
2021-09-16,2021,4531,9,2.9,0.9,35.268,75
2021-09-16,2021,4531,9,2.8,0.8,35.272,85
2021-10-31,2021,4576,10,1,0.4,35.122,0
2021-10-31,2021,4576,10,1.7,0.7,35.177,10
2021-10-31,2021,4576,10,1.8,0.7,35.185,20
2021-10-31,2021,4576,10,1.4,0.5,35.133,30
2021-10-31,2021,4576,10,1.5,0.6,35.137,40
2021-10-31,2021,4576,10,1.5,0.6,35.138,50
2021-10-31,2021,4576,10,1.3,0.5,35.142,60
2021-10-31,2021,4576,10,1.5,0.6,35.142,75
2021-10-31,2021,4576,10,1.4,0.6,35.14,85
2021-11-16,2021,4592,11,1,0.6,35.31,0
2021-11-16,2021,4592,11,0.8,0.5,35.341,10
2021-11-16,2021,4592,11,0.8,0.5,35.339,20
2021-11-16,2021,4592,11,0.9,0.5,35.325,30
2021-11-16,2021,4592,11,1,0.6,35.306,40
2021-11-16,2021,4592,11,1.4,0.8,35.268,50
2021-11-16,2021,4592,11,2.4,1.2,35.209,60
2021-11-16,2021,4592,11,3,1.4,35.221,75
2021-11-16,2021,4592,11,4.7,2.2,35.213,85
2021-12-14,2021,4620,12,0.1,0,35.336,0
2021-12-14,2021,4620,12,0.1,0,35.345,10
2021-12-14,2021,4620,12,0.9,0.2,35.272,20
2021-12-14,2021,4620,12,1.2,0.2,35.309,30
2021-12-14,2021,4620,12,4.2,1.2,35.279,40
2021-12-14,2021,4620,12,7.9,2.8,35.279,50
2021-12-14,2021,4620,12,8.4,3,35.276,60
2021-12-14,2021,4620,12,8.5,3.1,35.276,75
2021-12-14,2021,4620,12,8.5,3.1,35.275,85
2022-01-19,2022,4656,1,0,0.2,35.377,0
2022-01-19,2022,4656,1,0,0.2,35.366,10
2022-01-19,2022,4656,1,0,0.2,35.375,20
2022-01-19,2022,4656,1,0.2,0.4,35.338,30
2022-01-19,2022,4656,1,0.6,0.5,35.334,40
2022-01-19,2022,4656,1,0.9,0.7,35.309,50
2022-01-19,2022,4656,1,2.4,0.9,35.322,60
2022-01-19,2022,4656,1,5.7,2.5,35.229,75
2022-01-19,2022,4656,1,6.6,2.8,35.221,85
2022-03-10,2022,4706,3,0,0,35.481,0
2022-03-10,2022,4706,3,0,0,35.47,10
2022-03-10,2022,4706,3,0,0,35.463,20
2022-03-10,2022,4706,3,0,0,35.46,30
2022-03-10,2022,4706,3,0.4,0.2,35.429,40
2022-03-10,2022,4706,3,4.8,1.7,35.391,50
2022-03-10,2022,4706,3,8.9,3.1,35.314,60
2022-03-10,2022,4706,3,10.1,3.8,35.261,75
2022-03-10,2022,4706,3,10.5,3.9,35.239,85
2022-03-27,2022,4723,3,0.2,0.8,35.533,0
2022-03-27,2022,4723,3,0.2,0.7,35.535,10
2022-03-27,2022,4723,3,0.2,0.7,35.543,20
2022-03-27,2022,4723,3,0.2,0.5,35.564,30
2022-03-27,2022,4723,3,0.7,0.7,35.503,40
2022-03-27,2022,4723,3,2.6,1.1,35.493,50
2022-03-27,2022,4723,3,4.7,1.8,35.416,60
2022-03-27,2022,4723,3,8.4,3.2,35.31,75
2022-03-27,2022,4723,3,8.7,3.4,35.296,85
2022-05-10,2022,4767,5,1.8,1,35.486,0
2022-05-10,2022,4767,5,1.8,1.1,35.485,10
2022-05-10,2022,4767,5,1.8,1,35.486,20
2022-05-10,2022,4767,5,1.8,1.1,35.485,30
2022-05-10,2022,4767,5,1.8,1,35.485,40
2022-05-10,2022,4767,5,1.8,1,35.485,50
2022-05-10,2022,4767,5,1.8,1,35.484,60
2022-05-10,2022,4767,5,1.8,1,35.484,75
2022-05-10,2022,4767,5,1.8,1.1,35.486,85
2022-06-16,2022,4804,6,3.8,1.1,35.383,0
2022-06-16,2022,4804,6,3.8,1.1,35.382,10
2022-06-16,2022,4804,6,3.7,1.1,35.381,20
2022-06-16,2022,4804,6,3.5,1,35.386,30
2022-06-16,2022,4804,6,3.3,1,35.392,40
2022-06-16,2022,4804,6,3.2,1,35.387,50
2022-06-16,2022,4804,6,3.2,1,35.391,60
2022-06-16,2022,4804,6,3.2,1.1,35.395,75
2022-06-16,2022,4804,6,3.2,1.1,35.396,85
2022-07-04,2022,4822,7,4.1,1.1,35.306,0
2022-07-04,2022,4822,7,4.1,1.1,35.305,10
2022-07-04,2022,4822,7,4.1,1.1,35.305,20
2022-07-04,2022,4822,7,4.1,1.1,35.305,30
2022-07-04,2022,4822,7,4.1,1.1,35.306,40
2022-07-04,2022,4822,7,4.1,1.1,35.306,50
2022-07-04,2022,4822,7,4.1,1.1,35.306,60
2022-07-04,2022,4822,7,4.1,1.1,35.312,75
2022-07-04,2022,4822,7,4.1,1.1,35.315,85
2022-08-26,2022,4875,8,3.7,0.9,35.274,0
2022-08-26,2022,4875,8,3.7,0.9,35.278,10
2022-08-26,2022,4875,8,3.7,0.9,35.268,20
2022-08-26,2022,4875,8,3.7,0.9,35.271,30
2022-08-26,2022,4875,8,3.8,0.9,35.267,40
2022-08-26,2022,4875,8,3.8,0.9,35.273,50
2022-08-26,2022,4875,8,3.8,0.9,35.257,60
2022-08-26,2022,4875,8,3.7,0.9,35.251,75
2022-08-26,2022,4875,8,3.5,0.8,35.252,85
2022-09-19,2022,4899,9,3.1,0.9,35.115,0
2022-09-19,2022,4899,9,3.1,0.8,35.118,10
2022-09-19,2022,4899,9,3.1,0.9,35.117,20
2022-09-19,2022,4899,9,3.2,0.8,35.121,30
2022-09-19,2022,4899,9,4.4,1.2,35.225,40
2022-09-19,2022,4899,9,4.3,1.3,35.233,50
2022-09-19,2022,4899,9,3.7,1.2,35.249,60
2022-09-19,2022,4899,9,3.3,1.2,35.265,75
2022-09-19,2022,4899,9,3.3,1.2,35.267,85
2022-11-07,2022,4948,11,0.2,0,34.966,0
2022-11-07,2022,4948,11,0.4,0.3,35.066,10
2022-11-07,2022,4948,11,1.7,1.2,35.121,20
2022-11-07,2022,4948,11,1.7,1.1,35.125,30
2022-11-07,2022,4948,11,0.5,0.3,35.197,40
2022-11-07,2022,4948,11,1.7,0.6,35.181,50
2022-11-07,2022,4948,11,4.3,0.9,35.207,60
2022-11-07,2022,4948,11,6,2.2,35.211,75
2022-11-07,2022,4948,11,6,2.2,35.209,85
2022-11-23,2022,4964,11,1.2,0.5,35.12,0
2022-11-23,2022,4964,11,1.7,0.7,35.15,10
2022-11-23,2022,4964,11,1.6,0.7,35.152,20
2022-11-23,2022,4964,11,1.8,0.8,35.153,30
2022-11-23,2022,4964,11,2,0.9,35.15,40
2022-11-23,2022,4964,11,2.3,1,35.134,50
2022-11-23,2022,4964,11,2.5,1.1,35.14,60
2022-11-23,2022,4964,11,2.6,1.1,35.152,75
2022-11-23,2022,4964,11,2.7,1.2,35.153,85
2022-12-12,2022,4983,12,0,0.2,35.395,0
2022-12-12,2022,4983,12,0,0.2,35.39,10
2022-12-12,2022,4983,12,0.2,0.3,35.369,20
2022-12-12,2022,4983,12,0.5,0.5,35.338,30
2022-12-12,2022,4983,12,2,1.3,35.238,40
2022-12-12,2022,4983,12,2.2,1.3,35.254,50
2022-12-12,2022,4983,12,3.4,1.8,35.222,60
2022-12-12,2022,4983,12,6.7,3,35.241,75
2022-12-12,2022,4983,12,7,3.1,35.249,85
2023-01-11,2023,5013,1,0,0.3,35.238,0
2023-01-11,2023,5013,1,0,0.2,35.223,10
2023-01-11,2023,5013,1,0,0,35.3,20
2023-01-11,2023,5013,1,3.1,1.4,35.287,30
2023-01-11,2023,5013,1,6.3,2.6,35.236,40
2023-01-11,2023,5013,1,8.8,3.6,35.247,50
2023-01-11,2023,5013,1,8.9,3.7,35.251,60
2023-01-11,2023,5013,1,8.2,3.3,35.258,75
2023-01-11,2023,5013,1,9.1,3.7,35.252,85
2023-02-21,2023,5054,2,0,0.2,35.586,0
2023-02-21,2023,5054,2,0,0.2,35.581,10
2023-02-21,2023,5054,2,0,0.2,35.579,20
2023-02-21,2023,5054,2,0,0.2,35.574,30
2023-02-21,2023,5054,2,0.3,0.4,35.564,40
2023-02-21,2023,5054,2,0.3,0.4,35.552,50
2023-02-21,2023,5054,2,0.9,0.7,35.5,60
2023-02-21,2023,5054,2,3.8,2.1,35.384,75
2023-02-21,2023,5054,2,4.9,2.5,35.353,85
2023-03-22,2023,5083,3,0.1,0.3,35.617,0
2023-03-22,2023,5083,3,0,0.4,35.611,10
2023-03-22,2023,5083,3,0,0.3,35.602,20
2023-03-22,2023,5083,3,0,0.3,35.603,30
2023-03-22,2023,5083,3,0.3,0.4,35.594,40
2023-03-22,2023,5083,3,0.9,0.6,35.562,50
2023-03-22,2023,5083,3,2.4,1.3,35.485,60
2023-03-22,2023,5083,3,2.3,1.2,35.484,75
2023-03-22,2023,5083,3,2.5,1.3,35.481,85
2023-05-11,2023,5133,5,1.8,0.9,35.475,0
2023-05-11,2023,5133,5,1.8,0.9,35.475,10
2023-05-11,2023,5133,5,1.8,0.9,35.472,20
2023-05-11,2023,5133,5,1.8,0.9,35.471,30
2023-05-11,2023,5133,5,1.9,0.9,35.471,40
2023-05-11,2023,5133,5,1.9,0.9,35.467,50
2023-05-11,2023,5133,5,1.8,0.8,35.464,60
2023-05-11,2023,5133,5,2.2,0.8,35.438,75
2023-05-11,2023,5133,5,2.3,0.8,35.428,85
2023-06-13,2023,5166,6,2.2,0.9,35.41,0
2023-06-13,2023,5166,6,2.3,0.9,35.409,10
2023-06-13,2023,5166,6,2.3,0.9,35.421,30
2023-06-13,2023,5166,6,2.3,0.9,35.416,40
2023-06-13,2023,5166,6,2.3,0.9,35.425,50
2023-06-13,2023,5166,6,2.3,0.9,35.431,60
2023-06-13,2023,5166,6,2.3,0.9,35.432,75
2023-06-13,2023,5166,6,2.3,0.9,35.432,85
2023-08-10,2023,5224,8,2.5,0.9,35.38,0
2023-08-10,2023,5224,8,2.4,0.9,35.375,10
2023-08-10,2023,5224,8,2.4,0.8,35.379,20
2023-08-10,2023,5224,8,2,0.7,35.355,30
2023-08-10,2023,5224,8,2,0.7,35.39,40
2023-08-10,2023,5224,8,2.3,0.9,35.396,50
2023-08-10,2023,5224,8,2.3,0.9,35.397,60
2023-08-10,2023,5224,8,2.2,0.8,35.408,75
2023-08-10,2023,5224,8,2.2,0.9,35.363,85
2023-09-05,2023,5250,9,1.6,0.2,35.358,0
2023-09-05,2023,5250,9,1.6,0.2,35.354,10
2023-09-05,2023,5250,9,1.6,0.2,35.354,20
2023-09-05,2023,5250,9,1.6,0.2,35.355,30
2023-09-05,2023,5250,9,1.7,0.2,35.356,40
2023-09-05,2023,5250,9,1.7,0.2,35.355,50
2023-09-05,2023,5250,9,0.6,0,35.374,60
2023-09-05,2023,5250,9,0.7,0,35.378,75
2023-09-05,2023,5250,9,1,0.2,35.384,85
2023-10-18,2023,5293,10,1,0.5,35.315,0
2023-10-18,2023,5293,10,1.1,0.5,35.318,10
2023-10-18,2023,5293,10,1.4,0.5,35.306,20
2023-10-18,2023,5293,10,1.4,0.4,35.3,30
2023-10-18,2023,5293,10,1.9,0.7,35.306,40
2023-10-18,2023,5293,10,1.8,0.7,35.294,50
2023-10-18,2023,5293,10,1.2,0.5,35.291,60
2023-10-18,2023,5293,10,0.9,0.4,35.292,75
2023-10-18,2023,5293,10,0.7,0.4,35.295,85
2023-11-19,2023,5325,11,0,0.3,35.392,0
2023-11-19,2023,5325,11,0,0.3,35.405,10
2023-11-19,2023,5325,11,0,0.3,35.391,20
2023-11-19,2023,5325,11,0,0.2,35.39,30
2023-11-19,2023,5325,11,1,0.3,35.38,40
2023-11-19,2023,5325,11,1.5,0.4,35.362,50
2023-11-19,2023,5325,11,3,2,35.253,60
2023-11-19,2023,5325,11,3,2,35.252,75
2023-11-19,2023,5325,11,3,2,35.252,85
2023-12-04,2023,5340,12,0.2,0.5,35.503,0
2023-12-04,2023,5340,12,0.1,0.6,35.489,10
2023-12-04,2023,5340,12,0.7,0.8,35.427,20
2023-12-04,2023,5340,12,3.9,1.8,35.36,30
2023-12-04,2023,5340,12,5.7,2.2,35.359,40
2023-12-04,2023,5340,12,9.3,3.3,35.281,50
2023-12-04,2023,5340,12,9.8,3.4,35.275,60
2023-12-04,2023,5340,12,9.8,3.4,35.274,75
2023-12-04,2023,5340,12,9.9,3.4,35.271,85
